team,targeted_productivity,smv,wip,over_time,incentive,idle_time,idle_men,no_of_style_change,no_of_workers,quarter,department,day,actual_productivity
9,0.75,18.79,1226.0,3480,45,0.0,0,0,51.0,Quarter1,sweing,Saturday,0.749987124
4,0.7,26.66,950.0,6960,50,0.0,0,0,58.0,Quarter1,sweing,Tuesday,0.750770115
9,0.8,3.94,0.0,960,0,0.0,0,0,8.0,Quarter2,finishing,Thursday,0.656666667
10,0.7,21.25,1531.0,6000,0,0.0,0,1,50.0,Quarter4,sweing,Sunday,0.456875
8,0.8,2.9,0.0,1440,0,0.0,0,0,8.0,Quarter2,finishing,Wednesday,0.667329545
11,0.7,4.15,0.0,2700,0,0.0,0,0,9.0,Quarter3,finishing,Wednesday,0.470769231
6,0.65,18.79,881.0,3960,26,0.0,0,0,33.0,Quarter1,sweing,Sunday,0.651007071
4,0.8,30.1,323.0,4080,50,0.0,0,1,59.0,Quarter4,sweing,Wednesday,0.800808642
4,0.7,22.52,825.0,10170,50,0.0,0,0,56.5,Quarter3,sweing,Saturday,0.7005417
1,0.8,3.94,0.0,2160,0,0.0,0,0,8.0,Quarter2,finishing,Saturday,0.985
8,0.75,2.9,0.0,960,0,0.0,0,0,8.0,Quarter1,finishing,Thursday,0.676666667
7,0.5,22.52,1720.0,10080,23,0.0,0,0,56.0,Quarter3,sweing,Wednesday,0.500241342
1,0.8,3.94,0.0,1440,0,0.0,0,0,12.0,Quarter2,finishing,Wednesday,0.618361111
10,0.7,21.82,1313.0,5040,30,0.0,0,0,51.0,Quarter1,sweing,Tuesday,0.699984417
8,0.8,2.9,0.0,2400,0,0.0,0,0,8.0,Quarter3,finishing,Wednesday,0.594871795
4,0.7,3.94,0.0,960,0,0.0,0,0,8.0,Quarter1,finishing,Thursday,0.812625
11,0.6,20.1,1601.0,4320,46,0.0,0,0,51.0,Quarter5,sweing,Thursday,0.60059761
11,0.7,11.41,653.0,3480,30,0.0,0,2,58.0,Quarter3,sweing,Thursday,0.700540441
10,0.7,21.82,1448.0,6120,40,0.0,0,1,51.0,Quarter4,sweing,Saturday,0.700236601
12,0.8,15.26,1069.0,4080,63,0.0,0,0,34.0,Quarter2,sweing,Tuesday,0.800401961
10,0.75,19.31,578.0,6480,45,0.0,0,0,54.0,Quarter1,sweing,Thursday,0.712205247
11,0.75,19.31,513.0,6480,45,0.0,0,0,54.0,Quarter1,sweing,Sunday,0.750348457
10,0.8,22.52,1175.0,6720,60,0.0,0,0,56.0,Quarter4,sweing,Wednesday,0.850532143
2,0.7,3.9,0.0,1200,0,0.0,0,0,10.0,Quarter1,finishing,Monday,0.92885
10,0.75,22.52,1250.0,10080,55,0.0,0,0,56.0,Quarter4,sweing,Monday,0.800020563
9,0.7,29.12,1340.0,6960,63,0.0,0,0,58.0,Quarter4,sweing,Wednesday,0.750593103
6,0.75,18.79,913.0,3360,45,0.0,0,0,33.0,Quarter4,sweing,Tuesday,0.75065101
11,0.7,14.89,1484.0,10260,50,0.0,0,0,57.0,Quarter3,sweing,Monday,0.700170388
10,0.7,2.9,0.0,3360,0,0.0,0,0,8.0,Quarter1,finishing,Monday,0.632361111
4,0.75,22.52,759.0,10080,81,0.0,0,0,56.0,Quarter4,sweing,Thursday,0.849983766
5,0.75,30.1,855.0,7020,45,0.0,0,0,58.0,Quarter2,sweing,Tuesday,0.750356125
2,0.75,19.87,944.0,6600,45,0.0,0,0,55.0,Quarter1,sweing,Saturday,0.75024303
10,0.7,21.82,1591.0,3240,0,0.0,0,1,52.0,Quarter4,sweing,Thursday,0.700251773
1,0.75,3.94,0.0,1200,0,0.0,0,0,10.0,Quarter4,finishing,Wednesday,0.9456
4,0.8,22.52,23122.0,5940,50,0.0,0,0,56.5,Quarter1,sweing,Monday,0.800393224
6,0.6,2.9,0.0,960,0,0.0,0,0,8.0,Quarter2,finishing,Sunday,0.271875
11,0.7,27.13,530.0,9540,37,0.0,0,0,53.0,Quarter2,sweing,Tuesday,0.582301029
9,0.75,2.9,0.0,960,0,0.0,0,0,8.0,Quarter1,finishing,Wednesday,0.83375
6,0.8,11.41,411.0,14640,50,0.0,0,0,30.5,Quarter2,sweing,Thursday,0.800024932
9,0.75,18.79,1193.0,6240,45,0.0,0,0,52.0,Quarter2,sweing,Monday,0.750395513
1,0.8,3.94,0.0,1920,0,0.0,0,0,8.0,Quarter1,finishing,Monday,0.961059028
5,0.6,3.94,0.0,1440,0,0.0,0,0,12.0,Quarter2,finishing,Tuesday,0.909391667
9,0.8,3.94,0.0,1440,0,0.0,0,0,8.0,Quarter2,finishing,Saturday,0.858143939
9,0.8,26.16,1093.0,10620,75,0.0,0,0,59.0,Quarter2,sweing,Monday,0.850502311
6,0.75,18.79,708.0,4080,0,0.0,0,0,34.0,Quarter2,sweing,Monday,0.612517157
8,0.8,2.9,0.0,1440,0,0.0,0,0,8.0,Quarter2,finishing,Sunday,0.653598485
9,0.75,2.9,0.0,1080,0,0.0,0,0,9.0,Quarter2,finishing,Sunday,0.929074074
9,0.8,3.94,0.0,2400,0,0.0,0,0,8.0,Quarter3,finishing,Wednesday,0.827147436
5,0.7,4.6,0.0,3360,0,0.0,0,0,8.0,Quarter1,finishing,Tuesday,0.354444444
9,0.5,29.12,970.0,10440,30,0.0,0,0,58.0,Quarter4,sweing,Thursday,0.500547544
3,0.8,4.6,0.0,10500,0,0.0,0,0,25.0,Quarter1,finishing,Sunday,0.936355556
3,0.75,22.52,1495.0,10350,55,0.0,0,0,57.5,Quarter4,sweing,Sunday,0.800513307
8,0.8,25.9,1209.0,10170,60,0.0,0,0,56.5,Quarter2,sweing,Sunday,0.850136766
8,0.8,4.6,0.0,960,0,0.0,0,0,8.0,Quarter1,finishing,Wednesday,0.930416667
6,0.8,11.61,910.0,4470,38,0.0,0,0,31.5,Quarter1,sweing,Tuesday,0.80007657
3,0.8,22.52,11.0,6840,0,0.0,0,1,57.0,Quarter2,sweing,Wednesday,0.536901754
8,0.8,2.9,0.0,960,0,0.0,0,0,8.0,Quarter1,finishing,Sunday,0.682708333
5,0.65,21.98,808.0,10440,35,0.0,0,0,58.0,Quarter1,sweing,Tuesday,0.649983281
6,0.8,2.9,0.0,1440,0,0.0,0,0,8.0,Quarter2,finishing,Sunday,0.597348485
9,0.7,28.08,872.0,6900,44,0.0,0,0,57.5,Quarter1,sweing,Thursday,0.721126957
10,0.75,3.94,0.0,1440,0,0.0,0,0,8.0,Quarter1,finishing,Tuesday,0.809640152
3,0.8,5.13,0.0,2160,0,0.0,0,0,18.0,Quarter4,finishing,Monday,0.87115
5,0.5,30.1,839.0,6960,0,0.0,0,0,58.0,Quarter1,sweing,Monday,0.500801724
10,0.65,22.52,1163.0,9720,35,0.0,0,0,54.0,Quarter3,sweing,Saturday,0.650198653
6,0.75,18.79,1012.0,3960,45,0.0,0,0,33.0,Quarter4,sweing,Saturday,0.75065101
8,0.8,25.9,1047.0,6780,38,0.0,0,0,56.5,Quarter1,sweing,Monday,0.800684366
2,0.7,22.94,1006.0,10170,38,0.0,0,0,56.5,Quarter3,sweing,Monday,0.750517565
7,0.8,2.9,0.0,1440,0,0.0,0,0,8.0,Quarter2,finishing,Wednesday,0.837594697
3,0.7,30.1,1057.0,0,40,0.0,0,1,58.0,Quarter3,sweing,Wednesday,0.700603448
6,0.8,11.61,972.0,5670,38,0.0,0,0,31.5,Quarter2,sweing,Wednesday,0.800246753
8,0.65,24.26,1435.0,6600,0,0.0,0,0,55.0,Quarter1,sweing,Monday,0.260978788
9,0.8,26.16,1196.0,10620,63,0.0,0,0,59.0,Quarter3,sweing,Monday,0.800117103
12,0.8,15.26,1126.0,1080,38,0.0,0,0,34.0,Quarter3,sweing,Thursday,0.800711494
10,0.7,2.9,0.0,1800,0,0.0,0,0,15.0,Quarter4,finishing,Tuesday,0.902222222
5,0.65,27.48,544.0,6720,34,0.0,0,0,56.0,Quarter1,sweing,Monday,0.700903571
9,0.75,2.9,0.0,960,0,0.0,0,0,8.0,Quarter4,finishing,Saturday,0.4078125
5,0.7,27.48,586.0,6960,40,0.0,0,0,58.0,Quarter1,sweing,Wednesday,0.700424138
8,0.8,25.9,1218.0,10170,60,0.0,0,0,56.5,Quarter2,sweing,Wednesday,0.850136766
7,0.8,2.9,0.0,960,0,0.0,0,0,8.0,Quarter1,finishing,Sunday,0.667604167
12,0.8,15.26,959.0,4080,50,0.0,0,0,34.0,Quarter1,sweing,Thursday,0.800401961
3,0.75,3.94,0.0,1440,0,0.0,0,0,12.0,Quarter4,finishing,Tuesday,0.861875
10,0.7,2.9,0.0,3360,0,0.0,0,0,8.0,Quarter4,finishing,Thursday,0.410833333
7,0.8,2.9,0.0,1440,0,0.0,0,0,8.0,Quarter2,finishing,Sunday,0.590435606
6,0.75,2.9,0.0,1800,0,0.0,0,0,15.0,Quarter4,finishing,Tuesday,0.726933333
10,0.8,3.94,0.0,960,0,0.0,0,0,8.0,Quarter4,finishing,Sunday,0.385791667
2,0.65,22.94,1025.0,10170,26,0.0,0,0,56.5,Quarter3,sweing,Sunday,0.650243497
10,0.7,3.94,0.0,4320,0,0.0,0,0,18.0,Quarter1,finishing,Sunday,0.759228395
1,0.75,22.94,1502.0,6960,81,0.0,0,0,58.0,Quarter5,sweing,Saturday,0.850362069
2,0.8,3.94,0.0,2160,0,0.0,0,0,18.0,Quarter2,finishing,Wednesday,0.912037037
10,0.8,3.94,0.0,1200,0,0.0,0,0,10.0,Quarter1,finishing,Monday,0.85695
1,0.8,3.94,0.0,1440,0,0.0,0,0,8.0,Quarter1,finishing,Tuesday,0.936496212
8,0.8,2.9,0.0,1440,0,0.0,0,0,8.0,Quarter2,finishing,Tuesday,0.681060606
9,0.8,3.94,0.0,1800,0,0.0,0,0,10.0,Quarter3,finishing,Saturday,0.82680303
10,0.75,28.08,1083.0,7020,45,0.0,0,0,58.5,Quarter1,sweing,Monday,0.7504
4,0.7,4.15,0.0,1800,0,0.0,0,0,15.0,Quarter2,finishing,Thursday,1.096633333
2,0.75,22.94,1606.0,10260,94,0.0,0,0,57.0,Quarter4,sweing,Saturday,0.90064806
9,0.8,3.94,0.0,1440,0,0.0,0,0,8.0,Quarter2,finishing,Sunday,0.858143939
11,0.8,11.61,1005.0,7080,50,0.0,0,0,29.5,Quarter1,sweing,Saturday,0.800237288
3,0.8,22.52,813.0,0,88,0.0,0,0,57.0,Quarter2,sweing,Tuesday,0.90047076
8,0.8,2.9,0.0,960,0,0.0,0,0,8.0,Quarter1,finishing,Saturday,0.628333333
3,0.65,30.1,1263.0,600,63,0.0,0,1,58.0,Quarter3,sweing,Monday,0.802243319
1,0.8,26.16,1138.0,7080,63,0.0,0,0,59.0,Quarter1,sweing,Monday,0.800318644
4,0.8,3.94,0.0,6000,0,0.0,0,0,20.0,Quarter2,finishing,Saturday,0.911589744
6,0.75,18.79,947.0,2880,34,0.0,0,0,33.0,Quarter1,sweing,Monday,0.750797009
9,0.8,29.12,1263.0,2160,38,0.0,0,0,58.0,Quarter2,sweing,Tuesday,0.8008
3,0.65,22.52,1138.0,10170,35,0.0,0,0,56.5,Quarter3,sweing,Sunday,0.650416734
5,0.75,4.15,0.0,240,0,0.0,0,0,2.0,Quarter3,finishing,Sunday,0.760833333
4,0.8,30.1,859.0,7020,63,0.0,0,1,58.5,Quarter3,sweing,Thursday,0.800094017
7,0.7,3.94,0.0,1200,0,0.0,0,0,10.0,Quarter5,finishing,Saturday,0.971866667
2,0.8,3.94,0.0,1440,0,0.0,0,0,8.0,Quarter2,finishing,Monday,0.880530303
10,0.8,3.94,0.0,1440,0,0.0,0,0,8.0,Quarter3,finishing,Saturday,0.974621212
2,0.6,30.33,868.0,6840,0,0.0,0,1,57.0,Quarter3,sweing,Wednesday,0.328131579
9,0.75,18.79,1096.0,6240,34,0.0,0,0,52.0,Quarter1,sweing,Tuesday,0.750395513
9,0.8,3.94,0.0,1440,0,0.0,0,0,8.0,Quarter1,finishing,Wednesday,0.880530303
9,0.75,18.79,1247.0,6240,45,0.0,0,0,52.0,Quarter2,sweing,Tuesday,0.750395513
7,0.8,4.6,0.0,3360,0,0.0,0,0,8.0,Quarter1,finishing,Monday,0.342361111
3,0.75,4.15,0.0,2700,0,0.0,0,0,15.0,Quarter1,finishing,Wednesday,0.83
7,0.8,25.9,1150.0,10170,70,0.0,0,0,56.5,Quarter2,sweing,Wednesday,0.900144811
9,0.65,29.12,1086.0,10440,26,0.0,0,0,58.0,Quarter4,sweing,Sunday,0.650407524
5,0.7,4.15,0.0,240,0,0.0,0,0,2.0,Quarter2,finishing,Wednesday,0.87
3,0.8,3.94,0.0,960,0,0.0,0,0,8.0,Quarter5,finishing,Saturday,0.971866667
3,0.75,22.52,1299.0,6840,119,0.0,0,0,57.0,Quarter4,sweing,Tuesday,1.000230409
1,0.8,3.94,0.0,1440,0,0.0,0,0,12.0,Quarter1,finishing,Thursday,0.845458333
5,0.6,20.4,1031.0,10440,30,0.0,0,0,58.0,Quarter3,sweing,Sunday,0.600062696
11,0.75,10.05,629.0,3240,45,0.0,0,0,27.0,Quarter2,sweing,Sunday,0.750027778
3,0.8,4.6,0.0,1440,0,0.0,0,0,12.0,Quarter4,finishing,Tuesday,0.811388889
1,0.8,3.94,0.0,960,0,0.0,0,0,8.0,Quarter3,finishing,Sunday,1.1204375
12,0.8,11.61,1037.0,7200,50,0.0,0,0,32.0,Quarter1,sweing,Monday,0.800246011
11,0.75,4.15,0.0,960,0,0.0,0,0,8.0,Quarter1,finishing,Sunday,0.345833333
5,0.7,4.15,0.0,2700,0,0.0,0,0,15.0,Quarter4,finishing,Monday,0.959191919
7,0.8,30.1,616.0,7080,0,0.0,0,0,59.0,Quarter1,sweing,Monday,0.800115819
11,0.65,4.15,0.0,2160,0,0.0,0,0,12.0,Quarter3,finishing,Sunday,0.838383838
3,0.75,29.4,1143.0,6840,45,0.0,0,0,57.0,Quarter1,sweing,Sunday,0.750473684
5,0.7,4.15,0.0,240,0,0.0,0,0,2.0,Quarter2,finishing,Thursday,0.58
9,0.75,3.94,0.0,240,0,0.0,0,0,2.0,Quarter5,finishing,Saturday,0.971866667
4,0.8,4.15,0.0,6600,0,0.0,0,0,20.0,Quarter1,finishing,Saturday,0.988024691
2,0.7,22.94,1363.0,10260,50,0.0,0,0,57.0,Quarter3,sweing,Tuesday,0.750031898
2,0.7,30.33,746.0,6840,0,0.0,0,1,57.0,Quarter4,sweing,Sunday,0.700605263
2,0.7,30.33,512.0,4560,0,0.0,0,1,58.0,Quarter4,sweing,Saturday,0.700211111
5,0.7,30.1,687.0,7500,0,0.0,0,0,59.0,Quarter1,sweing,Saturday,0.545657673
5,0.7,3.94,0.0,1440,0,0.0,0,0,12.0,Quarter2,finishing,Wednesday,0.75885
1,0.7,3.94,0.0,1800,0,0.0,0,0,10.0,Quarter4,finishing,Monday,0.910378788
3,0.8,4.15,0.0,1620,0,0.0,0,0,9.0,Quarter2,finishing,Tuesday,0.901262626
9,0.75,18.79,1239.0,5640,45,0.0,0,0,52.0,Quarter2,sweing,Sunday,0.750371895
11,0.5,20.1,1413.0,5880,46,0.0,0,0,54.0,Quarter4,sweing,Wednesday,0.500567308
4,0.35,4.3,0.0,2700,0,0.0,0,0,8.0,Quarter2,finishing,Wednesday,0.908080808
8,0.8,25.9,1233.0,10170,60,0.0,0,0,56.5,Quarter2,sweing,Monday,0.850136766
4,0.5,26.66,556.0,6960,23,0.0,0,2,58.0,Quarter4,sweing,Saturday,0.500258046
11,0.8,2.9,0.0,2400,0,0.0,0,0,10.0,Quarter2,finishing,Wednesday,0.874027778
6,0.65,23.41,1262.0,4560,35,0.0,0,1,38.0,Quarter2,sweing,Monday,0.650962281
11,0.35,14.61,838.0,7200,23,0.0,0,0,55.0,Quarter2,sweing,Wednesday,0.35003125
3,0.8,4.6,0.0,1440,0,0.0,0,0,12.0,Quarter2,finishing,Tuesday,0.894444444
9,0.8,3.94,0.0,2400,0,0.0,0,0,10.0,Quarter4,finishing,Sunday,0.753525
8,0.8,25.9,1434.0,10170,50,0.0,0,0,56.5,Quarter3,sweing,Tuesday,0.800128721
8,0.65,30.48,953.0,6720,26,0.0,0,1,56.0,Quarter2,sweing,Monday,0.650421429
9,0.5,18.79,1688.0,5280,0,0.0,0,1,54.0,Quarter3,sweing,Sunday,0.283054487
9,0.75,2.9,0.0,0,3600,0.0,0,0,15.0,Quarter2,finishing,Monday,0.841
8,0.75,4.6,0.0,3360,0,0.0,0,0,8.0,Quarter4,finishing,Saturday,0.376597222
8,0.8,25.9,1026.0,10170,60,0.0,0,0,56.5,Quarter2,sweing,Thursday,0.850136766
5,0.65,30.1,326.0,5820,0,90.0,10,0,58.5,Quarter1,sweing,Wednesday,0.650834808
10,0.7,2.9,0.0,3360,0,0.0,0,0,8.0,Quarter4,finishing,Saturday,0.410833333
9,0.75,3.94,0.0,960,0,0.0,0,0,8.0,Quarter1,finishing,Wednesday,0.755166667
2,0.5,15.28,261.0,5520,0,0.0,0,1,46.0,Quarter1,sweing,Wednesday,0.404144928
12,0.8,15.26,961.0,4080,50,0.0,0,0,34.0,Quarter1,sweing,Wednesday,0.800401961
9,0.8,3.94,0.0,960,0,0.0,0,0,8.0,Quarter3,finishing,Wednesday,0.549791667
4,0.7,23.69,544.0,13800,0,0.0,0,0,60.0,Quarter1,sweing,Saturday,0.700134038
2,0.7,3.9,0.0,960,0,0.0,0,0,8.0,Quarter4,finishing,Saturday,0.5565625
4,0.8,50.48,562.0,10440,0,0.0,0,0,58.0,Quarter2,sweing,Sunday,0.473134796
4,0.8,28.08,759.0,6900,50,0.0,0,0,57.5,Quarter1,sweing,Monday,0.800076522
10,0.7,22.52,1002.0,10080,40,0.0,0,0,56.0,Quarter3,sweing,Sunday,0.700094156
6,0.75,18.79,1193.0,3960,45,0.0,0,0,33.0,Quarter1,sweing,Sunday,0.75065101
1,0.65,22.53,762.0,5040,0,0.0,0,1,42.0,Quarter4,sweing,Wednesday,0.581130952
4,0.75,4.3,0.0,2160,0,0.0,0,0,12.0,Quarter4,finishing,Saturday,0.651515152
10,0.8,22.52,1116.0,6720,93,0.0,0,0,56.0,Quarter5,sweing,Saturday,0.920236905
4,0.8,4.3,0.0,1440,0,0.0,0,0,12.0,Quarter4,finishing,Tuesday,0.940625
6,0.8,11.41,1047.0,5580,63,0.0,0,0,31.0,Quarter3,sweing,Tuesday,0.800261486
4,0.8,3.94,0.0,4440,0,0.0,0,0,18.0,Quarter1,finishing,Wednesday,0.827186544
12,0.8,11.61,893.0,4710,50,0.0,0,0,31.5,Quarter2,sweing,Saturday,0.800346445
3,0.5,5.13,0.0,1800,0,0.0,0,0,15.0,Quarter3,finishing,Tuesday,0.7866
12,0.75,15.26,1316.0,6120,40,0.0,0,0,34.0,Quarter4,sweing,Saturday,0.750079323
6,0.8,11.61,955.0,6360,63,0.0,0,0,32.0,Quarter4,sweing,Thursday,0.800191989
4,0.75,4.15,0.0,2400,0,0.0,0,0,20.0,Quarter3,finishing,Sunday,0.287041667
3,0.8,4.6,0.0,1440,0,0.0,0,0,12.0,Quarter2,finishing,Sunday,0.951944444
1,0.75,3.94,0.0,1200,0,0.0,0,0,10.0,Quarter4,finishing,Tuesday,0.77815
10,0.7,21.25,1583.0,6000,0,0.0,0,1,50.0,Quarter4,sweing,Monday,0.417916667
8,0.75,29.4,551.0,6840,45,0.0,0,0,57.0,Quarter1,sweing,Monday,0.750473684
9,0.8,3.94,0.0,1800,0,0.0,0,0,10.0,Quarter3,finishing,Tuesday,0.72830303
7,0.8,25.9,970.0,10170,60,0.0,0,0,56.5,Quarter2,sweing,Saturday,0.850136766
5,0.65,4.15,0.0,1440,0,0.0,0,0,8.0,Quarter3,finishing,Monday,0.958901515
3,0.8,19.87,1043.0,6420,0,0.0,0,0,55.0,Quarter2,sweing,Sunday,0.690182815
2,0.7,3.9,0.0,960,0,0.0,0,0,8.0,Quarter2,finishing,Tuesday,0.741
8,0.75,29.4,534.0,6840,56,0.0,0,0,57.0,Quarter1,sweing,Tuesday,0.750473684
12,0.5,15.26,1352.0,3720,23,0.0,0,0,34.0,Quarter3,sweing,Tuesday,0.500290419
3,0.8,22.52,1124.0,6840,100,0.0,0,0,57.0,Quarter1,sweing,Sunday,0.950185965
2,0.6,22.94,865.0,6570,23,0.0,0,0,56.5,Quarter3,sweing,Saturday,0.77011398
4,0.8,30.1,922.0,5820,63,0.0,0,1,59.0,Quarter4,sweing,Sunday,0.80000295
1,0.8,3.94,0.0,1440,0,0.0,0,0,8.0,Quarter2,finishing,Sunday,0.873068182
6,0.75,2.9,0.0,3360,0,0.0,0,0,8.0,Quarter1,finishing,Tuesday,0.309333333
11,0.5,48.18,1282.0,6480,23,0.0,0,0,54.0,Quarter4,sweing,Tuesday,0.37046657
10,0.8,22.52,1088.0,6720,88,0.0,0,0,56.0,Quarter5,sweing,Thursday,0.900129762
7,0.7,4.15,0.0,1440,0,0.0,0,0,12.0,Quarter2,finishing,Sunday,0.928680556
8,0.8,2.9,0.0,1620,0,0.0,0,0,9.0,Quarter4,finishing,Saturday,0.910521886
5,0.8,4.6,0.0,7560,0,0.0,0,0,18.0,Quarter4,finishing,Thursday,0.921604938
9,0.8,3.94,0.0,1440,0,0.0,0,0,8.0,Quarter2,finishing,Tuesday,0.858143939
5,0.7,20.79,1297.0,10440,0,0.0,0,0,58.0,Quarter2,sweing,Tuesday,0.526810345
7,0.8,25.9,1255.0,6780,50,0.0,0,0,56.5,Quarter1,sweing,Monday,0.800684366
1,0.7,3.94,0.0,3360,0,0.0,0,0,8.0,Quarter1,finishing,Tuesday,0.555430556
5,0.75,5.13,0.0,1920,0,0.0,0,0,8.0,Quarter3,finishing,Thursday,0.631354167
11,0.75,4.15,0.0,1800,0,0.0,0,0,10.0,Quarter4,finishing,Saturday,0.896022727
1,0.8,3.94,0.0,1200,0,0.0,0,0,10.0,Quarter1,finishing,Tuesday,0.99485
7,0.7,24.26,658.0,6960,0,270.0,45,0,58.0,Quarter1,sweing,Saturday,0.662270115
11,0.8,11.61,632.0,0,50,0.0,0,0,57.0,Quarter1,sweing,Monday,0.800309211
12,0.8,15.26,900.0,4080,50,0.0,0,0,34.0,Quarter2,sweing,Tuesday,0.800401961
2,0.8,22.52,12.0,6900,0,0.0,0,0,57.5,Quarter3,sweing,Sunday,0.432122899
3,0.8,4.6,0.0,0,1440,0.0,0,0,12.0,Quarter2,finishing,Monday,0.795416667
2,0.75,3.9,0.0,1920,0,0.0,0,0,8.0,Quarter2,finishing,Wednesday,0.819270833
8,0.7,24.26,154.0,6840,0,0.0,0,0,57.0,Quarter2,sweing,Sunday,0.353259649
2,0.8,3.94,0.0,1200,0,0.0,0,0,10.0,Quarter5,finishing,Saturday,0.971866667
1,0.6,26.66,1578.0,6840,38,0.0,0,0,57.0,Quarter1,sweing,Sunday,0.700019883
7,0.8,2.9,0.0,1440,0,0.0,0,0,8.0,Quarter1,finishing,Wednesday,0.804640152
10,0.8,3.94,0.0,1200,0,0.0,0,0,10.0,Quarter5,finishing,Thursday,0.85695
1,0.75,3.94,0.0,1200,0,0.0,0,0,10.0,Quarter5,finishing,Thursday,0.853666667
2,0.75,3.94,0.0,1200,0,0.0,0,0,10.0,Quarter4,finishing,Tuesday,0.788
4,0.5,30.1,417.0,6360,23,0.0,0,1,53.0,Quarter1,sweing,Thursday,0.500720126
9,0.8,26.16,1278.0,7080,60,0.0,0,0,59.0,Quarter1,sweing,Sunday,0.850569492
11,0.5,11.41,1039.0,2280,0,0.0,0,2,55.0,Quarter2,sweing,Thursday,0.50012336
2,0.8,3.94,0.0,960,0,0.0,0,0,8.0,Quarter1,finishing,Monday,0.804416667
1,0.8,26.16,1099.0,8220,75,0.0,0,0,59.0,Quarter2,sweing,Monday,0.850522167
11,0.8,11.41,968.0,3660,50,0.0,0,0,30.5,Quarter1,sweing,Thursday,0.800570492
5,0.7,21.98,413.0,9720,40,0.0,0,0,58.0,Quarter1,sweing,Wednesday,0.700480831
10,0.75,3.94,0.0,3780,0,0.0,0,0,21.0,Quarter4,finishing,Monday,0.997792208
2,0.6,15.28,529.0,1320,0,0.0,0,1,46.0,Quarter1,sweing,Thursday,0.600099145
12,0.8,4.6,0.0,3780,0,0.0,0,0,9.0,Quarter4,finishing,Saturday,0.590617284
2,0.8,3.94,0.0,2400,0,0.0,0,0,20.0,Quarter1,finishing,Tuesday,1.001416667
9,0.8,3.94,0.0,1200,0,0.0,0,0,10.0,Quarter3,finishing,Monday,0.960433333
3,0.8,42.27,465.0,9900,54,0.0,0,0,55.0,Quarter2,sweing,Tuesday,0.705576584
6,0.8,11.41,1067.0,5490,63,0.0,0,0,30.5,Quarter3,sweing,Saturday,0.800343766
8,0.7,29.4,1146.0,6840,40,0.0,0,2,57.0,Quarter4,sweing,Sunday,0.700614035
4,0.75,5.13,0.0,960,0,0.0,0,0,8.0,Quarter3,finishing,Tuesday,0.656666667
2,0.4,15.28,157.0,5400,0,6.5,30,1,45.0,Quarter1,sweing,Tuesday,0.30277037
3,0.75,22.52,1266.0,10260,69,0.0,0,0,57.0,Quarter4,sweing,Saturday,0.80035194
11,0.8,11.41,433.0,0,38,0.0,0,0,56.0,Quarter1,sweing,Wednesday,0.800701754
12,0.8,15.26,1095.0,4080,63,0.0,0,0,34.0,Quarter3,sweing,Wednesday,0.800401961
11,0.8,4.15,0.0,1440,0,0.0,0,0,8.0,Quarter2,finishing,Monday,0.640577652
12,0.8,4.6,0.0,1080,0,0.0,0,0,9.0,Quarter1,finishing,Saturday,0.868888889
4,0.75,30.1,919.0,7140,0,0.0,0,1,59.5,Quarter3,sweing,Sunday,0.598627451
5,0.6,20.79,1045.0,6960,88,0.0,0,0,58.0,Quarter4,sweing,Wednesday,0.800534483
4,0.65,26.66,832.0,6780,55,0.0,0,0,57.0,Quarter1,sweing,Monday,0.750254867
4,0.8,22.52,1432.0,6660,88,0.0,0,0,57.5,Quarter5,sweing,Saturday,0.900537069
8,0.7,24.26,1167.0,6840,0,0.0,0,0,57.0,Quarter1,sweing,Thursday,0.496549708
8,0.7,30.1,507.0,5880,40,2.0,10,1,59.0,Quarter3,sweing,Sunday,0.700573099
4,0.8,3.94,0.0,1200,0,0.0,0,0,10.0,Quarter5,finishing,Saturday,0.971866667
4,0.8,30.1,864.0,480,50,0.0,0,1,58.0,Quarter3,sweing,Wednesday,0.800980392
6,0.5,2.9,0.0,1200,0,0.0,0,0,10.0,Quarter5,finishing,Thursday,0.899
10,0.8,3.94,0.0,1260,0,0.0,0,0,8.0,Quarter2,finishing,Wednesday,0.332359307
1,0.8,22.94,16882.0,7020,113,0.0,0,0,58.5,Quarter1,sweing,Monday,1.000602279
7,0.7,24.26,148.0,6960,0,0.0,0,0,58.0,Quarter2,sweing,Sunday,0.355534483
6,0.8,18.79,779.0,3960,0,0.0,0,0,33.0,Quarter2,sweing,Thursday,0.688017677
12,0.8,15.26,1083.0,720,38,0.0,0,0,34.0,Quarter1,sweing,Thursday,0.800612676
3,0.8,30.1,1278.0,3360,50,0.0,0,1,57.0,Quarter2,sweing,Sunday,0.800511068
3,0.7,22.52,1134.0,8460,50,0.0,0,0,57.0,Quarter3,sweing,Tuesday,0.750037968
7,0.8,30.1,874.0,3960,50,0.0,0,0,59.0,Quarter1,sweing,Wednesday,0.800055762
7,0.7,4.15,0.0,1800,0,0.0,0,0,15.0,Quarter2,finishing,Saturday,0.929277778
1,0.8,3.94,0.0,1440,0,0.0,0,0,8.0,Quarter3,finishing,Saturday,0.884261364
7,0.6,23.54,958.0,6600,0,0.0,0,0,55.0,Quarter4,sweing,Wednesday,0.285333333
1,0.5,3.94,0.0,3360,0,0.0,0,0,8.0,Quarter4,finishing,Saturday,0.768847222
2,0.8,22.52,674.0,3660,63,0.0,0,0,57.0,Quarter2,sweing,Saturday,0.80037492
8,0.65,3.94,0.0,960,0,0.0,0,0,8.0,Quarter5,finishing,Saturday,0.971866667
8,0.7,4.15,0.0,3000,0,0.0,0,0,25.0,Quarter1,finishing,Wednesday,0.915766667
1,0.8,26.16,1160.0,10620,75,0.0,0,0,59.0,Quarter3,sweing,Thursday,0.850502311
2,0.75,3.94,0.0,1440,0,0.0,0,0,8.0,Quarter4,finishing,Sunday,0.970075758
6,0.7,23.41,1128.0,4560,40,0.0,0,1,38.0,Quarter2,sweing,Wednesday,0.700246491
7,0.8,25.9,984.0,6720,38,0.0,0,0,56.0,Quarter1,sweing,Thursday,0.800125
7,0.07,24.26,1608.0,6960,0,0.0,0,0,58.0,Quarter1,sweing,Thursday,0.522844828
8,0.8,2.9,0.0,1440,0,0.0,0,0,8.0,Quarter3,finishing,Saturday,0.675568182
4,0.65,30.1,712.0,6780,44,0.0,0,1,56.5,Quarter2,sweing,Sunday,0.568259587
8,0.8,25.9,1158.0,10170,60,0.0,0,0,56.5,Quarter2,sweing,Saturday,0.850136766
3,0.8,22.52,1063.0,6840,100,0.0,0,0,57.0,Quarter1,sweing,Thursday,0.950185965
6,0.75,2.9,0.0,960,0,0.0,0,0,8.0,Quarter2,finishing,Tuesday,0.628333333
1,0.75,3.94,0.0,960,0,0.0,0,0,8.0,Quarter2,finishing,Sunday,0.890604167
7,0.7,5.13,0.0,960,0,0.0,0,0,8.0,Quarter4,finishing,Monday,0.356458333
11,0.6,11.41,1039.0,2280,23,0.0,0,2,55.0,Quarter2,sweing,Saturday,0.600447507
4,0.75,5.13,0.0,960,0,0.0,0,0,8.0,Quarter3,finishing,Wednesday,0.734645833
3,0.8,29.4,797.0,1800,63,0.0,0,0,57.0,Quarter1,sweing,Thursday,0.800534979
2,0.8,3.94,0.0,2640,0,0.0,0,0,22.0,Quarter1,finishing,Thursday,0.999924242
5,0.7,30.1,754.0,7020,0,0.0,0,0,58.5,Quarter2,sweing,Sunday,0.700618234
8,0.6,29.4,179.0,0,23,5.0,30,2,58.0,Quarter3,sweing,Tuesday,0.600982906
5,0.7,27.48,573.0,6840,30,0.0,0,0,57.0,Quarter1,sweing,Tuesday,0.700659649
11,0.7,20.55,9792.0,6480,60,0.0,0,0,54.0,Quarter1,sweing,Monday,0.700398148
6,0.7,18.79,2984.0,3960,30,0.0,0,0,33.0,Quarter1,sweing,Monday,0.700354545
7,0.8,25.9,1066.0,10170,50,0.0,0,0,56.5,Quarter1,sweing,Wednesday,0.800128721
9,0.75,3.94,0.0,1320,0,0.0,0,0,11.0,Quarter1,finishing,Tuesday,0.919954545
8,0.5,23.54,1144.0,6480,0,0.0,0,0,54.0,Quarter5,sweing,Saturday,0.286984568
8,0.35,4.15,0.0,960,0,0.0,0,0,8.0,Quarter2,finishing,Tuesday,0.703770833
12,0.8,4.08,0.0,1080,0,0.0,0,0,9.0,Quarter2,finishing,Saturday,0.800888889
12,0.8,15.26,1064.0,4080,63,0.0,0,0,34.0,Quarter2,sweing,Sunday,0.800401961
5,0.5,27.48,609.0,6840,30,0.0,0,1,57.0,Quarter4,sweing,Saturday,0.550403509
9,0.75,29.12,1070.0,6960,34,0.0,0,0,58.0,Quarter1,sweing,Tuesday,0.750593103
8,0.65,3.94,0.0,960,0,0.0,0,0,8.0,Quarter4,finishing,Tuesday,0.845458333
8,0.35,15.09,1448.0,9360,23,0.0,0,0,52.0,Quarter4,sweing,Saturday,0.34998951
6,0.75,2.9,0.0,3360,0,0.0,0,0,8.0,Quarter4,finishing,Saturday,0.271875
8,0.8,25.9,1177.0,8970,60,0.0,0,0,56.5,Quarter3,sweing,Thursday,0.850415628
3,0.7,30.1,1041.0,8160,33,0.0,0,2,58.0,Quarter4,sweing,Sunday,0.626577778
10,0.8,22.52,1388.0,6720,88,0.0,0,0,56.0,Quarter2,sweing,Sunday,0.9008
7,0.7,3.94,0.0,1200,0,0.0,0,0,10.0,Quarter1,finishing,Saturday,0.715766667
6,0.8,11.41,986.0,5490,50,0.0,0,0,30.5,Quarter1,sweing,Wednesday,0.800343766
11,0.35,11.41,434.0,3240,0,0.0,0,1,52.0,Quarter2,sweing,Wednesday,0.507903226
3,0.75,29.4,1244.0,6840,45,0.0,0,2,57.0,Quarter4,sweing,Thursday,0.750473684
6,0.35,2.9,0.0,1800,0,0.0,0,0,15.0,Quarter4,finishing,Wednesday,0.977555556
7,0.8,30.1,694.0,4080,50,0.0,0,1,59.0,Quarter4,sweing,Thursday,0.800808642
2,0.7,16.1,928.0,4800,30,0.0,0,1,45.0,Quarter2,sweing,Sunday,0.700106061
10,0.8,22.52,1039.0,6720,113,0.0,0,0,56.0,Quarter1,sweing,Thursday,0.999995238
8,0.8,4.6,0.0,3600,0,0.0,0,0,15.0,Quarter1,finishing,Saturday,0.590740741
6,0.75,18.79,52.0,3960,0,0.0,0,0,33.0,Quarter1,sweing,Wednesday,0.332146465
1,0.75,26.82,1322.0,7080,45,0.0,0,0,59.0,Quarter2,sweing,Wednesday,0.750050847
11,0.8,4.15,0.0,1260,0,0.0,0,0,7.0,Quarter3,finishing,Saturday,0.313852814
4,0.7,30.1,767.0,3300,50,0.0,0,1,57.0,Quarter2,sweing,Monday,0.790003236
7,0.7,3.94,0.0,960,0,0.0,0,0,8.0,Quarter1,finishing,Wednesday,0.779791667
4,0.7,3.94,0.0,3360,0,0.0,0,0,8.0,Quarter1,finishing,Tuesday,0.555430556
7,0.8,30.1,29.0,7080,50,0.0,0,0,59.0,Quarter1,sweing,Tuesday,0.800115819
10,0.7,2.9,0.0,1200,0,0.0,0,0,10.0,Quarter4,finishing,Wednesday,0.845833333
8,0.8,2.9,0.0,1440,0,0.0,0,0,8.0,Quarter3,finishing,Thursday,0.606912879
1,0.75,3.94,0.0,2280,0,0.0,0,0,19.0,Quarter1,finishing,Sunday,0.950438596
7,0.35,30.1,842.0,6960,0,0.0,0,1,58.0,Quarter2,sweing,Monday,0.350301724
1,0.8,3.94,0.0,1440,0,0.0,0,0,8.0,Quarter1,finishing,Wednesday,0.951420455
3,0.8,4.15,0.0,1440,0,0.0,0,0,7.0,Quarter2,finishing,Wednesday,0.820833333
1,0.8,26.16,1073.0,10620,75,0.0,0,0,59.0,Quarter2,sweing,Tuesday,0.850502311
9,0.8,3.94,0.0,960,0,0.0,0,0,8.0,Quarter3,finishing,Tuesday,0.586041667
7,0.8,2.9,0.0,1440,0,0.0,0,0,8.0,Quarter3,finishing,Thursday,0.689299242
11,0.7,11.41,685.0,3360,30,0.0,0,2,56.0,Quarter3,sweing,Wednesday,0.8211125
11,0.8,10.05,13.0,3240,34,0.0,0,0,54.0,Quarter2,sweing,Tuesday,0.750648148
2,0.8,22.52,1300.0,6780,113,0.0,0,0,56.5,Quarter1,sweing,Thursday,1.000446018
1,0.8,22.52,1500.0,6900,113,0.0,0,0,57.5,Quarter1,sweing,Tuesday,1.000018551
9,0.75,18.79,1206.0,6240,34,0.0,0,0,52.0,Quarter1,sweing,Wednesday,0.750395513
12,0.6,15.26,1245.0,6360,23,0.0,0,0,34.0,Quarter3,sweing,Wednesday,0.60017284
4,0.7,26.82,1028.0,6960,60,0.0,0,0,58.0,Quarter1,sweing,Wednesday,0.799975862
12,0.8,15.26,1132.0,4080,63,0.0,0,0,34.0,Quarter2,sweing,Monday,0.800401961
5,0.8,30.1,450.0,5700,0,4.5,25,0,60.0,Quarter4,sweing,Sunday,0.307501459
7,0.8,2.9,0.0,1440,0,0.0,0,0,8.0,Quarter3,finishing,Saturday,0.661837121
5,0.8,30.1,680.0,7140,0,0.0,0,0,59.0,Quarter3,sweing,Tuesday,0.653431373
9,0.8,26.16,1128.0,10620,63,0.0,0,0,59.0,Quarter3,sweing,Saturday,0.800117103
2,0.8,3.94,0.0,1440,0,0.0,0,0,8.0,Quarter2,finishing,Saturday,0.817102273
12,0.6,15.26,1492.0,6960,23,0.0,0,0,34.0,Quarter4,sweing,Thursday,0.600436426
7,0.8,4.6,0.0,8400,0,0.0,0,0,20.0,Quarter1,finishing,Wednesday,0.684888889
7,0.8,2.9,0.0,1440,0,0.0,0,0,8.0,Quarter1,finishing,Tuesday,0.61625
3,0.8,19.87,963.0,9900,50,0.0,0,0,55.0,Quarter1,sweing,Tuesday,0.800273829
4,0.7,22.52,882.0,10170,50,0.0,0,0,56.5,Quarter3,sweing,Sunday,0.7005417
4,0.75,4.3,0.0,2160,0,0.0,0,0,12.0,Quarter4,finishing,Monday,0.963699495
6,0.75,2.9,0.0,960,0,0.0,0,0,8.0,Quarter2,finishing,Sunday,0.610208333
8,0.7,30.48,923.0,6840,30,0.0,0,1,57.0,Quarter2,sweing,Tuesday,0.700505263
6,0.8,11.61,712.0,7200,50,0.0,0,0,32.0,Quarter1,sweing,Monday,0.800246011
6,0.75,18.79,726.0,3360,0,0.0,0,0,33.0,Quarter3,sweing,Tuesday,0.750621354
5,0.7,26.82,992.0,6960,30,0.0,0,1,58.0,Quarter2,sweing,Wednesday,0.700556897
10,0.75,2.9,0.0,960,0,0.0,0,0,8.0,Quarter1,finishing,Monday,0.763375
7,0.75,30.1,444.0,0,0,5.0,20,1,59.0,Quarter3,sweing,Thursday,0.611140537
8,0.7,5.13,0.0,960,0,0.0,0,0,8.0,Quarter3,finishing,Wednesday,0.58
8,0.8,2.9,0.0,1440,0,0.0,0,0,8.0,Quarter2,finishing,Thursday,0.735984848
4,0.6,26.66,692.0,6840,23,0.0,0,0,57.0,Quarter1,sweing,Sunday,0.600239766
1,0.5,26.66,1448.0,6840,30,0.0,0,2,57.0,Quarter4,sweing,Saturday,0.550349708
2,0.4,3.9,0.0,6300,0,0.0,0,0,15.0,Quarter1,finishing,Tuesday,0.567377778
1,0.8,22.52,1422.0,6840,113,0.0,0,0,57.0,Quarter3,sweing,Monday,1.000230409
6,0.75,18.79,912.0,3960,45,0.0,0,0,33.0,Quarter4,sweing,Thursday,0.75065101
4,0.7,3.94,0.0,960,0,0.0,0,0,8.0,Quarter1,finishing,Wednesday,0.806058333
1,0.8,3.94,0.0,960,0,0.0,0,0,8.0,Quarter1,finishing,Saturday,0.902916667
8,0.7,4.15,0.0,960,0,0.0,0,0,8.0,Quarter3,finishing,Sunday,0.605208333
10,0.8,3.94,0.0,2400,0,0.0,0,0,10.0,Quarter3,finishing,Thursday,0.733277778
4,0.5,22.4,783.0,10170,23,0.0,0,0,56.5,Quarter2,sweing,Tuesday,0.500380799
11,0.6,2.9,0.0,960,0,0.0,0,0,8.0,Quarter5,finishing,Thursday,0.864583333
2,0.5,22.94,1044.0,9810,23,0.0,0,0,54.5,Quarter3,sweing,Thursday,0.499998888
12,0.75,4.08,0.0,1080,0,0.0,0,0,9.0,Quarter1,finishing,Monday,0.740444444
4,0.8,22.52,1472.0,7020,60,0.0,0,0,58.5,Quarter1,sweing,Sunday,0.85011396
8,0.7,24.26,652.0,6840,0,300.0,37,0,57.0,Quarter1,sweing,Saturday,0.365318713
1,0.8,22.52,1532.0,6900,88,0.0,0,0,57.5,Quarter1,sweing,Wednesday,0.900147246
9,0.8,22.52,1086.0,6960,50,0.0,0,0,58.0,Quarter1,sweing,Wednesday,0.799963218
7,0.7,3.94,0.0,1200,0,0.0,0,0,10.0,Quarter1,finishing,Thursday,0.8471
8,0.75,4.6,0.0,3360,0,0.0,0,0,8.0,Quarter4,finishing,Thursday,0.376597222
10,0.5,22.4,947.0,3390,23,0.0,0,0,56.5,Quarter2,sweing,Wednesday,0.499980334
8,0.8,25.9,1288.0,10170,38,0.0,0,0,56.5,Quarter3,sweing,Sunday,0.800128721
8,0.8,2.9,0.0,1440,0,0.0,0,0,8.0,Quarter2,finishing,Monday,0.725
4,0.7,26.82,1195.0,6960,60,0.0,0,0,58.0,Quarter1,sweing,Saturday,0.800746552
5,0.7,3.94,0.0,240,0,0.0,0,0,2.0,Quarter5,finishing,Saturday,0.971866667
4,0.7,26.82,1117.0,7080,50,0.0,0,0,59.0,Quarter1,sweing,Thursday,0.750050847
3,0.75,28.08,795.0,6900,45,0.0,0,0,57.5,Quarter1,sweing,Thursday,0.753683478
3,0.75,19.87,944.0,6600,45,0.0,0,0,55.0,Quarter1,sweing,Monday,0.75024303
6,0.8,11.61,1072.0,5760,50,0.0,0,0,32.0,Quarter4,sweing,Monday,0.800386364
6,0.5,18.79,717.0,3960,23,0.0,0,0,33.0,Quarter5,sweing,Thursday,0.500117677
4,0.75,22.52,825.0,10080,94,0.0,0,0,56.0,Quarter3,sweing,Wednesday,0.900556277
7,0.75,30.1,553.0,2280,45,0.0,0,1,59.0,Quarter3,sweing,Wednesday,0.75053268
4,0.75,30.1,481.0,7140,0,0.0,0,1,59.0,Quarter2,sweing,Saturday,0.750392157
3,0.6,22.52,1140.0,10170,30,0.0,0,0,56.5,Quarter3,sweing,Saturday,0.600291767
2,0.7,30.33,408.0,1680,30,0.0,0,1,59.0,Quarter4,sweing,Tuesday,0.700623
11,0.8,4.15,0.0,1440,0,0.0,0,0,8.0,Quarter2,finishing,Tuesday,0.601278409
6,0.8,2.9,0.0,1800,0,0.0,0,0,10.0,Quarter1,finishing,Wednesday,0.666515152
7,0.65,30.1,909.0,7080,0,0.0,0,1,59.0,Quarter2,sweing,Thursday,0.535677966
11,0.65,14.89,1140.0,10260,44,0.0,0,0,57.0,Quarter3,sweing,Sunday,0.650299575
11,0.8,11.61,954.0,0,50,0.0,0,2,58.0,Quarter4,sweing,Saturday,0.800779018
8,0.65,29.4,962.0,4560,0,4.5,30,2,57.0,Quarter3,sweing,Wednesday,0.251399254
4,0.8,28.08,925.0,10350,50,0.0,0,0,57.5,Quarter1,sweing,Tuesday,0.800594466
10,0.8,22.52,10.0,6000,0,0.0,0,0,50.0,Quarter2,sweing,Thursday,0.441392
10,0.6,18.22,1131.0,5280,0,0.0,0,1,44.0,Quarter3,sweing,Monday,0.35542803
1,0.7,26.82,1772.0,6960,50,0.0,0,0,58.0,Quarter1,sweing,Wednesday,0.750651724
8,0.8,25.9,1135.0,10170,60,0.0,0,0,56.5,Quarter1,sweing,Wednesday,0.850136766
2,0.8,22.52,1327.0,0,113,0.0,0,0,57.5,Quarter2,sweing,Thursday,1.000344928
7,0.8,2.9,0.0,1440,0,0.0,0,0,8.0,Quarter2,finishing,Thursday,0.681060606
12,0.7,4.08,0.0,1620,0,0.0,0,0,9.0,Quarter4,finishing,Sunday,0.618181818
1,0.8,26.16,1033.0,7080,63,0.0,0,0,59.0,Quarter1,sweing,Sunday,0.800318644
2,0.8,28.08,805.0,10530,63,0.0,0,0,58.5,Quarter2,sweing,Sunday,0.8
5,0.8,30.1,450.0,7140,50,0.0,0,0,60.0,Quarter4,sweing,Tuesday,0.800137255
2,0.8,5.13,0.0,4800,0,0.0,0,0,20.0,Quarter4,finishing,Sunday,0.8300625
8,0.7,29.12,1248.0,6840,0,0.0,0,0,57.0,Quarter1,sweing,Wednesday,0.700135088
3,0.7,30.1,247.0,6960,50,0.0,0,1,58.0,Quarter3,sweing,Thursday,0.700603448
8,0.65,3.9,0.0,0,960,0.0,0,0,8.0,Quarter2,finishing,Monday,0.2640625
12,0.8,15.26,1035.0,4080,63,0.0,0,0,34.0,Quarter1,sweing,Monday,0.800401961
6,0.75,18.79,895.0,3960,0,0.0,0,0,33.0,Quarter3,sweing,Monday,0.75065101
7,0.8,4.6,0.0,4200,0,0.0,0,0,10.0,Quarter1,finishing,Tuesday,0.999533333
1,0.7,3.94,0.0,960,0,0.0,0,0,8.0,Quarter1,finishing,Saturday,0.664875
5,0.7,20.4,1217.0,10440,50,0.0,0,0,58.0,Quarter4,sweing,Sunday,0.700250784
7,0.8,25.9,1035.0,10170,38,0.0,0,0,56.5,Quarter1,sweing,Tuesday,0.800128721
1,0.7,26.82,1373.0,6960,50,0.0,0,0,58.0,Quarter1,sweing,Thursday,0.750651724
2,0.5,3.9,0.0,960,0,0.0,0,0,8.0,Quarter1,finishing,Wednesday,0.5403125
12,0.75,4.08,0.0,1080,0,0.0,0,0,9.0,Quarter5,finishing,Thursday,0.634666667
8,0.7,5.13,0.0,1920,0,0.0,0,0,8.0,Quarter3,finishing,Thursday,0.672135417
9,0.8,3.94,0.0,960,0,0.0,0,0,8.0,Quarter2,finishing,Monday,0.697708333
7,0.8,25.9,1126.0,10170,60,0.0,0,0,56.5,Quarter2,sweing,Tuesday,0.850136766
9,0.7,18.79,1603.0,6120,30,0.0,0,1,51.0,Quarter3,sweing,Thursday,0.638614379
5,0.6,3.94,0.0,0,2880,0.0,0,0,12.0,Quarter2,finishing,Monday,0.864342593
7,0.65,3.94,0.0,2520,0,0.0,0,0,14.0,Quarter4,finishing,Sunday,0.749188312
2,0.75,22.94,1636.0,10530,81,0.0,0,0,58.5,Quarter4,sweing,Sunday,0.850223776
11,0.8,2.9,0.0,960,0,0.0,0,0,8.0,Quarter2,finishing,Sunday,0.755208333
1,0.8,3.94,0.0,1440,0,0.0,0,0,8.0,Quarter3,finishing,Thursday,0.884261364
6,0.8,11.61,539.0,6975,50,0.0,0,0,31.0,Quarter1,sweing,Sunday,0.879714482
11,0.75,11.61,635.0,3360,45,0.0,0,0,57.0,Quarter4,sweing,Wednesday,0.750503571
12,0.8,15.26,1029.0,2040,50,0.0,0,0,35.0,Quarter1,sweing,Tuesday,0.800259023
2,0.8,3.94,0.0,2160,0,0.0,0,0,18.0,Quarter1,finishing,Wednesday,0.966759259
5,0.7,4.15,0.0,2400,0,0.0,0,0,8.0,Quarter3,finishing,Wednesday,0.758173077
2,0.8,5.13,0.0,960,0,0.0,0,0,8.0,Quarter4,finishing,Monday,0.36871875
12,0.8,15.26,894.0,4080,50,0.0,0,0,34.0,Quarter2,sweing,Thursday,0.800401961
5,0.6,20.79,1208.0,7980,0,0.0,0,0,57.0,Quarter2,sweing,Sunday,0.452979626
4,0.75,30.1,912.0,7020,0,0.0,0,1,58.0,Quarter3,sweing,Monday,0.750356125
9,0.8,3.94,0.0,1800,0,0.0,0,0,10.0,Quarter3,finishing,Monday,0.964106061
3,0.8,3.94,0.0,960,0,0.0,0,0,8.0,Quarter5,finishing,Thursday,0.4925
7,0.8,3.94,0.0,960,0,0.0,0,0,8.0,Quarter1,finishing,Saturday,0.6253125
7,0.8,25.9,1138.0,6720,38,0.0,0,0,56.0,Quarter1,sweing,Saturday,0.800125
7,0.8,30.1,786.0,7080,50,0.0,0,2,59.0,Quarter4,sweing,Wednesday,0.800115819
5,0.75,4.15,0.0,1200,0,0.0,0,0,10.0,Quarter3,finishing,Monday,0.629416667
4,0.7,4.15,0.0,1800,0,0.0,0,0,15.0,Quarter2,finishing,Tuesday,0.796755556
5,0.5,4.15,0.0,1440,0,0.0,0,0,8.0,Quarter2,finishing,Saturday,0.337973485
8,0.7,30.48,914.0,6840,30,0.0,0,1,57.0,Quarter2,sweing,Wednesday,0.700505263
9,0.75,18.79,290.0,5040,45,0.0,0,0,52.0,Quarter2,sweing,Wednesday,0.750347333
6,0.75,2.9,0.0,960,0,0.0,0,0,8.0,Quarter4,finishing,Wednesday,0.410833333
6,0.6,2.9,0.0,1200,0,0.0,0,0,10.0,Quarter1,finishing,Sunday,0.314166667
5,0.6,30.1,415.0,6960,0,0.0,0,0,58.0,Quarter1,sweing,Tuesday,0.415172414
2,0.8,3.94,0.0,960,0,0.0,0,0,8.0,Quarter3,finishing,Sunday,1.108125
9,0.8,3.94,0.0,960,0,0.0,0,0,8.0,Quarter2,finishing,Wednesday,0.54175
7,0.6,3.94,0.0,6000,0,0.0,0,0,10.0,Quarter4,finishing,Thursday,0.957638889
8,0.8,25.9,1211.0,10260,60,0.0,0,0,57.0,Quarter2,sweing,Tuesday,0.850252525
1,0.8,22.52,1546.0,0,88,0.0,0,0,57.0,Quarter2,sweing,Tuesday,0.90047076
4,0.8,30.1,901.0,6480,50,0.0,0,1,59.0,Quarter4,sweing,Tuesday,0.800071839
10,0.75,3.94,0.0,8400,0,0.0,0,0,14.0,Quarter4,finishing,Thursday,0.940701058
8,0.75,29.4,792.0,4560,56,0.0,0,2,58.0,Quarter4,sweing,Saturday,0.750425926
9,0.8,3.94,0.0,960,0,0.0,0,0,8.0,Quarter1,finishing,Saturday,0.771583333
11,0.8,19.31,678.0,4800,50,0.0,0,0,55.0,Quarter1,sweing,Monday,0.800250962
10,0.75,3.94,0.0,1440,0,0.0,0,0,8.0,Quarter2,finishing,Thursday,0.779791667
6,0.75,18.79,670.0,3960,34,0.0,0,0,33.0,Quarter2,sweing,Sunday,0.75065101
3,0.5,22.52,1102.0,10170,30,0.0,0,0,56.5,Quarter3,sweing,Thursday,0.660683293
8,0.7,4.6,0.0,960,0,0.0,0,0,8.0,Quarter4,finishing,Wednesday,0.658541667
3,0.75,4.15,0.0,1920,0,0.0,0,0,8.0,Quarter1,finishing,Monday,0.875390625
7,0.8,25.9,1281.0,10170,60,0.0,0,0,56.5,Quarter3,sweing,Thursday,0.850136766
5,0.65,4.15,0.0,1440,0,0.0,0,0,15.0,Quarter2,finishing,Wednesday,0.864583333
6,0.8,11.41,887.0,5490,50,0.0,0,0,30.5,Quarter2,sweing,Sunday,0.800343766
1,0.8,22.52,1374.0,3960,63,0.0,0,0,57.0,Quarter3,sweing,Wednesday,0.800279693
9,0.6,29.12,925.0,6660,23,0.0,0,0,58.0,Quarter4,sweing,Saturday,0.600125217
1,0.75,3.94,0.0,1800,0,0.0,0,0,15.0,Quarter5,finishing,Saturday,0.971866667
12,0.8,11.61,760.0,4470,50,0.0,0,0,31.5,Quarter2,sweing,Monday,0.80007657
10,0.7,21.82,1576.0,6000,30,0.0,0,0,50.0,Quarter2,sweing,Monday,0.700422
1,0.8,26.16,1187.0,10620,75,0.0,0,0,59.0,Quarter1,sweing,Tuesday,0.850502311
1,0.7,22.94,1472.0,10260,75,0.0,0,0,57.0,Quarter4,sweing,Saturday,0.800643806
10,0.8,28.08,762.0,10530,38,0.0,0,0,58.5,Quarter2,sweing,Sunday,0.8
7,0.5,30.48,1161.0,6600,0,0.0,0,1,55.0,Quarter2,sweing,Monday,0.500610909
4,0.8,3.94,0.0,4440,0,0.0,0,0,18.0,Quarter1,finishing,Tuesday,0.966781346
6,0.8,11.41,843.0,5670,50,0.0,0,0,31.5,Quarter2,sweing,Monday,0.800181818
2,0.8,28.08,716.0,10350,50,0.0,0,0,57.5,Quarter1,sweing,Tuesday,0.800594466
7,0.6,3.94,0.0,960,0,0.0,0,0,8.0,Quarter4,finishing,Wednesday,0.406354167
9,0.8,26.16,1381.0,3660,50,0.0,0,0,59.0,Quarter3,sweing,Sunday,0.800015009
10,0.8,3.94,0.0,1440,0,0.0,0,0,8.0,Quarter2,finishing,Monday,0.24625
1,0.8,3.94,0.0,1440,0,0.0,0,0,8.0,Quarter2,finishing,Thursday,0.947689394
5,0.65,4.15,0.0,1440,0,0.0,0,0,8.0,Quarter2,finishing,Monday,0.809564394
4,0.8,3.94,0.0,3600,0,0.0,0,0,20.0,Quarter2,finishing,Sunday,0.925643939
7,0.8,2.9,0.0,1440,0,0.0,0,0,8.0,Quarter3,finishing,Sunday,0.692045455
1,0.8,22.52,1416.0,6840,113,0.0,0,0,57.0,Quarter2,sweing,Saturday,1.000230409
1,0.5,22.94,1492.0,10170,30,0.0,0,0,56.5,Quarter3,sweing,Monday,0.549969429
1,0.8,26.16,1092.0,10620,63,0.0,0,0,59.0,Quarter2,sweing,Wednesday,0.800117103
5,0.75,30.1,788.0,7380,56,0.0,0,0,59.5,Quarter2,sweing,Wednesday,0.750406233
1,0.8,26.16,1383.0,10620,75,0.0,0,0,59.0,Quarter2,sweing,Sunday,0.850502311
7,0.8,25.9,1012.0,10170,45,0.0,0,0,56.5,Quarter2,sweing,Sunday,0.850136766
7,0.75,30.1,627.0,6960,0,3.5,20,1,58.0,Quarter4,sweing,Sunday,0.393548851
7,0.8,2.9,0.0,960,0,0.0,0,0,8.0,Quarter1,finishing,Thursday,0.540729167
3,0.8,28.08,913.0,6540,50,0.0,0,0,54.5,Quarter1,sweing,Saturday,0.800322936
5,0.7,4.15,0.0,2700,0,0.0,0,0,15.0,Quarter4,finishing,Saturday,0.966666667
10,0.8,22.52,1127.0,120,88,0.0,0,0,56.0,Quarter2,sweing,Monday,0.9008
4,0.8,4.3,0.0,1200,0,0.0,0,0,10.0,Quarter5,finishing,Thursday,0.989
12,0.8,15.26,942.0,4080,63,0.0,0,0,34.0,Quarter2,sweing,Saturday,0.800401961
2,0.8,28.08,737.0,10530,63,0.0,0,0,58.5,Quarter2,sweing,Monday,0.8
12,0.8,15.26,854.0,4080,50,0.0,0,0,34.0,Quarter2,sweing,Wednesday,0.800401961
5,0.7,45.67,884.0,6960,26,0.0,0,0,58.0,Quarter1,sweing,Sunday,0.603432184
8,0.7,29.4,1079.0,4560,40,0.0,0,2,58.0,Quarter4,sweing,Tuesday,0.700518519
6,0.35,22.53,1450.0,2640,0,0.0,0,1,39.0,Quarter1,sweing,Thursday,0.26369382
1,0.65,26.66,1527.0,6840,65,0.0,0,0,57.0,Quarter1,sweing,Monday,0.800579532
1,0.8,26.16,1335.0,10620,63,0.0,0,0,59.0,Quarter2,sweing,Saturday,0.800117103
1,0.5,3.94,0.0,3360,0,0.0,0,0,8.0,Quarter4,finishing,Thursday,0.768847222
10,0.8,3.94,0.0,1200,0,0.0,0,0,10.0,Quarter5,finishing,Saturday,0.971866667
5,0.65,20.4,1255.0,8280,35,0.0,0,0,58.0,Quarter3,sweing,Monday,0.650066445
4,0.8,30.1,891.0,7140,38,0.0,0,1,59.0,Quarter4,sweing,Monday,0.800137255
6,0.8,2.9,0.0,4320,0,0.0,0,0,18.0,Quarter3,finishing,Thursday,0.785864198
4,0.75,5.13,0.0,1920,0,0.0,0,0,8.0,Quarter3,finishing,Thursday,0.684027778
6,0.8,11.41,1140.0,5490,63,0.0,0,0,30.5,Quarter3,sweing,Sunday,0.800343766
11,0.7,4.15,0.0,1440,0,0.0,0,0,12.0,Quarter1,finishing,Thursday,0.436326389
12,0.8,15.26,986.0,4080,75,0.0,0,0,34.0,Quarter1,sweing,Saturday,0.850520588
5,0.6,4.15,0.0,1440,0,0.0,0,0,8.0,Quarter3,finishing,Sunday,0.852793561
5,0.7,20.79,965.0,7320,0,0.0,0,0,58.0,Quarter2,sweing,Wednesday,0.700095563
12,0.8,5.13,0.0,1080,0,0.0,0,0,9.0,Quarter4,finishing,Monday,0.9025
6,0.75,2.9,0.0,960,0,0.0,0,0,8.0,Quarter1,finishing,Saturday,0.845833333
2,0.65,3.9,0.0,1920,0,0.0,0,0,8.0,Quarter1,finishing,Saturday,0.528125
9,0.8,26.16,1369.0,10620,63,0.0,0,0,59.0,Quarter3,sweing,Thursday,0.800117103
5,0.5,26.82,711.0,7080,23,0.0,0,1,59.0,Quarter2,sweing,Sunday,0.500033898
2,0.8,3.94,0.0,1440,0,0.0,0,0,8.0,Quarter2,finishing,Thursday,0.835757576
8,0.7,29.4,847.0,6960,30,0.0,0,1,58.0,Quarter4,sweing,Wednesday,0.700362069
3,0.35,30.1,770.0,6960,0,0.0,0,1,58.0,Quarter2,sweing,Thursday,0.350301724
2,0.8,22.52,1233.0,6900,113,0.0,0,0,57.5,Quarter2,sweing,Sunday,1.000018551
1,0.75,22.94,1871.0,6960,55,0.0,0,0,58.0,Quarter4,sweing,Tuesday,0.800263218
1,0.7,22.94,1384.0,12180,63,0.0,0,0,57.0,Quarter4,sweing,Thursday,0.750162367
9,0.8,29.12,1073.0,6960,50,0.0,0,0,58.0,Quarter2,sweing,Monday,0.799963218
9,0.7,18.79,1587.0,4560,30,0.0,0,1,51.0,Quarter3,sweing,Wednesday,0.70009573
12,0.8,11.41,968.0,3660,50,0.0,0,0,30.5,Quarter1,sweing,Thursday,0.800570492
6,0.8,2.9,0.0,1440,0,0.0,0,0,8.0,Quarter2,finishing,Monday,0.817424242
8,0.8,2.9,0.0,1440,0,0.0,0,0,8.0,Quarter2,finishing,Saturday,0.628882576
12,0.8,4.6,0.0,3780,0,0.0,0,0,9.0,Quarter4,finishing,Thursday,0.590617284
11,0.75,10.05,103.0,0,45,0.0,0,0,54.0,Quarter2,sweing,Monday,0.750648148
12,0.8,15.26,970.0,4080,63,0.0,0,0,34.0,Quarter2,sweing,Monday,0.800401961
7,0.65,30.48,935.0,6840,26,0.0,0,1,57.0,Quarter2,sweing,Wednesday,0.650596491
12,0.8,15.26,1094.0,4080,38,0.0,0,0,34.0,Quarter1,sweing,Wednesday,0.800401961
2,0.8,51.02,1086.0,4260,27,0.0,0,0,57.0,Quarter2,sweing,Wednesday,0.311207464
3,0.7,22.52,1139.0,10260,63,0.0,0,0,57.0,Quarter3,sweing,Wednesday,0.750068049
3,0.8,22.52,1060.0,6840,100,0.0,0,0,57.0,Quarter1,sweing,Saturday,0.950185965
1,0.8,22.52,1445.0,6840,113,0.0,0,0,57.0,Quarter3,sweing,Tuesday,1.000230409
7,0.7,5.13,0.0,1200,0,0.0,0,0,10.0,Quarter3,finishing,Tuesday,0.91375
2,0.8,4.15,0.0,960,0,0.0,0,0,8.0,Quarter1,finishing,Saturday,0.782447917
1,0.8,22.52,1397.0,0,138,0.0,0,0,57.0,Quarter2,sweing,Thursday,1.100483918
2,0.8,28.08,757.0,6900,50,0.0,0,0,57.5,Quarter1,sweing,Monday,0.800076522
4,0.8,28.08,878.0,4260,50,0.0,0,0,55.5,Quarter1,sweing,Sunday,0.800598058
2,0.8,3.94,0.0,1440,0,0.0,0,0,8.0,Quarter1,finishing,Tuesday,0.805909091
1,0.8,3.94,0.0,1200,0,0.0,0,0,10.0,Quarter1,finishing,Saturday,0.870083333
5,0.75,30.1,610.0,7080,56,0.0,0,0,59.0,Quarter2,sweing,Thursday,0.750799435
6,0.8,11.61,1084.0,4950,38,0.0,0,0,31.5,Quarter3,sweing,Thursday,0.80003139
9,0.8,3.94,0.0,960,0,0.0,0,0,8.0,Quarter2,finishing,Tuesday,0.6895
6,0.75,2.9,0.0,960,0,0.0,0,0,8.0,Quarter2,finishing,Monday,0.888125
9,0.8,54.56,757.0,4140,29,0.0,0,0,58.0,Quarter3,sweing,Wednesday,0.520237649
10,0.7,3.94,0.0,1440,0,0.0,0,0,8.0,Quarter3,finishing,Sunday,0.235795455
4,0.7,3.94,0.0,960,0,0.0,0,0,8.0,Quarter1,finishing,Saturday,0.664875
4,0.7,22.52,983.0,10260,63,0.0,0,0,57.0,Quarter3,sweing,Tuesday,0.750068049
8,0.8,2.9,0.0,1440,0,0.0,0,0,8.0,Quarter3,finishing,Tuesday,0.639867424
2,0.75,22.94,1764.0,10260,55,0.0,0,0,57.0,Quarter4,sweing,Monday,0.800034024
3,0.75,19.87,1075.0,7080,45,0.0,0,0,56.0,Quarter2,sweing,Saturday,0.750098351
4,0.75,4.3,0.0,6000,0,0.0,0,0,20.0,Quarter3,finishing,Wednesday,0.978525641
9,0.8,3.94,0.0,960,0,0.0,0,0,8.0,Quarter2,finishing,Sunday,0.607416667
8,0.7,3.9,0.0,960,0,0.0,0,0,8.0,Quarter2,finishing,Wednesday,0.625625
10,0.75,28.08,1066.0,10530,69,0.0,0,0,58.5,Quarter2,sweing,Thursday,0.8
10,0.7,4.15,0.0,960,0,0.0,0,0,8.0,Quarter1,finishing,Saturday,0.7018125
10,0.7,21.82,1653.0,6240,0,0.0,0,2,52.0,Quarter4,sweing,Wednesday,0.700058333
2,0.7,3.9,0.0,960,0,0.0,0,0,8.0,Quarter4,finishing,Thursday,0.5565625
11,0.8,4.15,0.0,1440,0,0.0,0,0,8.0,Quarter2,finishing,Sunday,0.668087121
11,0.75,19.31,590.0,9900,45,0.0,0,0,55.0,Quarter1,sweing,Tuesday,0.750057851
2,0.8,3.94,0.0,2160,0,0.0,0,0,18.0,Quarter2,finishing,Monday,1.057962963
3,0.7,29.4,1228.0,6960,30,0.0,0,2,58.0,Quarter4,sweing,Monday,0.700362069
12,0.8,5.13,0.0,1080,0,0.0,0,0,9.0,Quarter3,finishing,Tuesday,0.9025
8,0.75,4.6,0.0,3360,0,0.0,0,0,8.0,Quarter1,finishing,Tuesday,0.702777778
11,0.65,3.94,0.0,600,0,0.0,0,0,5.0,Quarter5,finishing,Saturday,0.971866667
4,0.7,4.3,0.0,5040,0,0.0,0,0,28.0,Quarter3,finishing,Monday,0.977272727
3,0.75,29.4,1172.0,5340,45,0.0,0,2,60.0,Quarter4,sweing,Tuesday,0.750176991
9,0.8,29.12,1069.0,6960,50,0.0,0,0,58.0,Quarter1,sweing,Thursday,0.799963218
4,0.6,3.94,0.0,960,0,0.0,0,0,8.0,Quarter1,finishing,Sunday,0.673083333
12,0.8,4.08,0.0,1080,0,0.0,0,0,9.0,Quarter1,finishing,Tuesday,0.778222222
8,0.7,38.09,336.0,6240,0,0.0,0,0,52.0,Quarter4,sweing,Wednesday,0.467693269
9,0.7,2.9,0.0,1800,0,0.0,0,0,15.0,Quarter4,finishing,Tuesday,0.726933333
2,0.7,30.33,254.0,1800,0,0.0,0,0,58.0,Quarter1,sweing,Sunday,0.683550607
3,0.8,29.4,983.0,6840,63,0.0,0,1,57.0,Quarter1,sweing,Saturday,0.800578947
9,0.75,2.9,0.0,1200,0,0.0,0,0,10.0,Quarter1,finishing,Monday,0.8004
10,0.7,21.82,1511.0,3600,30,0.0,0,0,51.0,Quarter1,sweing,Monday,0.70013604
1,0.75,22.94,1868.0,6960,81,0.0,0,0,58.0,Quarter4,sweing,Wednesday,0.850362069
6,0.8,2.9,0.0,960,0,0.0,0,0,8.0,Quarter4,finishing,Sunday,0.8319375
5,0.6,21.98,666.0,6960,23,0.0,0,0,58.0,Quarter1,sweing,Monday,0.600028736
6,0.8,2.9,0.0,960,0,0.0,0,0,8.0,Quarter3,finishing,Tuesday,0.749166667
2,0.7,30.33,577.0,2160,30,0.0,0,1,58.0,Quarter4,sweing,Monday,0.700623
12,0.8,15.26,1120.0,1440,50,0.0,0,0,34.0,Quarter3,sweing,Sunday,0.800806306
10,0.7,22.52,1108.0,10080,63,0.0,0,0,56.0,Quarter3,sweing,Tuesday,0.750057359
6,0.8,2.9,0.0,4800,0,0.0,0,0,8.0,Quarter4,finishing,Thursday,0.626822917
8,0.6,30.1,1069.0,4560,30,0.0,0,1,58.0,Quarter2,sweing,Wednesday,0.714410494
12,0.8,15.26,1026.0,2880,63,0.0,0,0,34.0,Quarter2,sweing,Sunday,0.800355208
1,0.8,3.94,0.0,1200,0,0.0,0,0,10.0,Quarter2,finishing,Sunday,0.893066667
8,0.7,29.4,1094.0,6840,40,0.0,0,2,57.0,Quarter4,sweing,Monday,0.700614035
2,0.8,28.08,783.0,10050,63,0.0,0,0,58.5,Quarter2,sweing,Thursday,0.800497246
6,0.7,18.79,766.0,2760,30,0.0,0,0,33.0,Quarter1,sweing,Thursday,0.700079032
5,0.7,41.19,1052.0,10440,21,0.0,0,0,58.0,Quarter3,sweing,Saturday,0.452012539
12,0.8,4.08,0.0,1080,0,0.0,0,0,9.0,Quarter2,finishing,Thursday,0.838666667
3,0.75,3.94,0.0,1440,0,0.0,0,0,8.0,Quarter4,finishing,Saturday,0.895454545
6,0.8,25.9,1152.0,6720,50,0.0,0,0,56.0,Quarter1,sweing,Saturday,0.800125
12,0.8,15.26,12261.0,3600,63,0.0,0,0,35.0,Quarter1,sweing,Monday,0.800401961
11,0.7,20.1,1192.0,6120,75,0.0,0,0,54.0,Quarter1,sweing,Sunday,0.700508929
5,0.8,11.41,668.0,3660,50,0.0,0,0,30.5,Quarter1,sweing,Thursday,0.707045902
7,0.7,5.13,0.0,960,0,0.0,0,0,8.0,Quarter3,finishing,Wednesday,0.671875
7,0.8,30.1,644.0,840,38,0.0,0,1,59.0,Quarter4,sweing,Saturday,0.799982853
4,0.8,4.3,0.0,1440,0,0.0,0,0,12.0,Quarter4,finishing,Wednesday,0.722638889
11,0.7,4.15,0.0,1440,0,0.0,0,0,8.0,Quarter3,finishing,Monday,0.409545455
6,0.6,23.41,1266.0,2520,23,0.0,0,1,38.0,Quarter2,sweing,Sunday,0.601037091
11,0.75,11.61,698.0,3360,34,0.0,0,2,57.0,Quarter4,sweing,Tuesday,0.750437269
11,0.8,11.41,357.0,3420,50,0.0,0,0,58.0,Quarter2,sweing,Monday,0.800034503
6,0.7,18.79,913.0,4020,30,0.0,0,0,33.5,Quarter1,sweing,Tuesday,0.700184577
11,0.7,14.89,1735.0,10260,50,0.0,0,0,57.0,Quarter3,sweing,Wednesday,0.700170388
5,0.75,20.4,1118.0,10320,56,0.0,0,0,58.0,Quarter4,sweing,Monday,0.750031447
4,0.8,28.08,660.0,10440,63,0.0,0,0,58.0,Quarter2,sweing,Saturday,0.801028213
9,0.8,3.94,0.0,1800,0,0.0,0,0,10.0,Quarter3,finishing,Sunday,0.582045455
2,0.8,3.94,0.0,2160,0,0.0,0,0,18.0,Quarter2,finishing,Sunday,0.875555556
2,0.8,22.52,1416.0,6840,113,0.0,0,0,57.0,Quarter5,sweing,Thursday,1.000230409
2,0.8,22.52,1512.0,0,88,0.0,0,0,57.0,Quarter2,sweing,Tuesday,0.899984058
12,0.75,4.08,0.0,1080,0,0.0,0,0,9.0,Quarter4,finishing,Wednesday,0.755555556
4,0.65,22.52,872.0,10080,26,0.0,0,0,56.0,Quarter3,sweing,Thursday,0.650130952
9,0.8,3.94,0.0,1440,0,0.0,0,0,8.0,Quarter3,finishing,Thursday,0.858143939
6,0.7,23.41,1180.0,4560,30,0.0,0,1,38.0,Quarter2,sweing,Tuesday,0.700246491
12,0.8,4.08,0.0,1080,0,0.0,0,0,9.0,Quarter2,finishing,Wednesday,1.02
10,0.7,21.82,1334.0,5760,30,0.0,0,0,53.0,Quarter1,sweing,Wednesday,0.700058333
2,0.7,3.9,0.0,960,0,0.0,0,0,8.0,Quarter4,finishing,Wednesday,0.440375
6,0.8,11.41,887.0,5490,50,0.0,0,0,30.5,Quarter2,sweing,Saturday,0.800343766
12,0.35,15.26,1111.0,6120,23,0.0,0,0,34.0,Quarter3,sweing,Monday,0.35021836
11,0.8,11.61,816.0,2820,50,0.0,0,2,57.0,Quarter4,sweing,Thursday,0.800516667
10,0.8,22.52,1268.0,0,88,0.0,0,0,56.0,Quarter2,sweing,Tuesday,0.90063244
11,0.35,12.52,287.0,25920,38,0.0,0,0,54.0,Quarter2,sweing,Thursday,0.349951389
4,0.8,4.3,0.0,1440,0,0.0,0,0,12.0,Quarter1,finishing,Tuesday,0.5375
7,0.75,4.6,0.0,960,0,0.0,0,0,8.0,Quarter4,finishing,Wednesday,0.676666667
9,0.75,18.79,935.0,6240,45,0.0,0,0,52.0,Quarter1,sweing,Monday,0.750395513
6,0.75,18.79,759.0,3960,34,0.0,0,0,33.0,Quarter3,sweing,Wednesday,0.75065101
1,0.35,26.66,1164.0,6600,23,0.0,0,2,55.0,Quarter4,sweing,Thursday,0.378895152
1,0.75,3.94,0.0,0,960,0.0,0,0,8.0,Quarter2,finishing,Monday,0.794566667
4,0.65,3.94,0.0,960,0,0.0,0,0,8.0,Quarter1,finishing,Monday,0.806879167
12,0.8,26.16,844.0,7080,63,0.0,0,0,59.0,Quarter1,sweing,Saturday,0.800318644
9,0.7,29.12,1143.0,10440,40,0.0,0,0,58.0,Quarter4,sweing,Monday,0.70061442
12,0.8,11.61,896.0,5670,50,0.0,0,0,31.5,Quarter2,sweing,Sunday,0.800246753
2,0.8,22.52,1263.0,6900,100,0.0,0,0,57.5,Quarter1,sweing,Wednesday,1.05028058
1,0.65,3.94,0.0,2400,0,0.0,0,0,8.0,Quarter3,finishing,Wednesday,0.505128205
11,0.8,4.15,0.0,1980,0,0.0,0,0,7.0,Quarter2,finishing,Wednesday,0.934607438
11,0.7,14.89,1501.0,10260,50,0.0,0,0,57.0,Quarter3,sweing,Tuesday,0.700170388
6,0.8,2.9,0.0,960,0,0.0,0,0,8.0,Quarter4,finishing,Monday,0.3715625
11,0.6,2.9,0.0,2880,0,0.0,0,0,12.0,Quarter4,finishing,Sunday,0.805555556
5,0.7,50.89,282.0,5880,56,0.0,0,0,59.0,Quarter5,sweing,Saturday,0.656763743
2,0.7,16.1,817.0,5520,30,0.0,0,1,45.0,Quarter2,sweing,Monday,0.700516224
3,0.5,30.1,1261.0,6960,30,0.0,0,1,58.0,Quarter2,sweing,Saturday,0.500801724
2,0.8,5.13,0.0,1440,0,0.0,0,0,12.0,Quarter3,finishing,Wednesday,0.919125
9,0.8,3.94,0.0,960,0,0.0,0,0,8.0,Quarter2,finishing,Saturday,0.238041667
7,0.5,3.9,0.0,960,0,0.0,0,0,8.0,Quarter2,finishing,Tuesday,0.560625
12,0.75,15.26,1276.0,1440,45,0.0,0,0,35.0,Quarter1,sweing,Sunday,0.750450658
7,0.7,30.1,562.0,840,30,0.0,0,1,59.0,Quarter3,sweing,Tuesday,0.700888203
5,0.8,11.61,659.0,7080,50,0.0,0,0,31.5,Quarter1,sweing,Saturday,0.800148649
1,0.8,22.52,1615.0,6780,88,0.0,0,0,56.5,Quarter2,sweing,Sunday,0.900135693
5,0.5,3.94,0.0,960,0,0.0,0,0,8.0,Quarter2,finishing,Sunday,0.857916667
10,0.7,21.82,1390.0,6000,30,0.0,0,0,50.0,Quarter1,sweing,Thursday,0.700422
1,0.7,3.94,0.0,1440,0,0.0,0,0,8.0,Quarter4,finishing,Saturday,0.578314394
1,0.8,26.16,1179.0,10620,75,0.0,0,0,59.0,Quarter1,sweing,Wednesday,0.850502311
8,0.75,29.4,916.0,6960,56,0.0,0,2,58.0,Quarter4,sweing,Thursday,0.750206897
5,0.7,4.15,0.0,3060,0,0.0,0,0,17.0,Quarter4,finishing,Sunday,0.973796791
5,0.7,4.15,0.0,9000,0,0.0,0,0,15.0,Quarter4,finishing,Thursday,0.742901235
3,0.8,19.87,941.0,9900,0,0.0,0,0,55.0,Quarter2,sweing,Monday,0.800273829
2,0.75,22.52,1635.0,6840,119,0.0,0,0,57.0,Quarter4,sweing,Tuesday,1.000230409
12,0.8,4.08,0.0,1080,0,0.0,0,0,9.0,Quarter2,finishing,Monday,0.272
11,0.7,25.31,946.0,5760,60,0.0,0,0,54.0,Quarter1,sweing,Tuesday,0.700513566
10,0.8,22.52,1188.0,6720,90,0.0,0,0,56.0,Quarter1,sweing,Tuesday,0.999995238
6,0.8,2.9,0.0,1800,0,0.0,0,0,10.0,Quarter3,finishing,Sunday,0.804848485
7,0.65,22.52,1295.0,10170,26,0.0,0,0,56.5,Quarter4,sweing,Saturday,0.650416734
1,0.6,3.94,0.0,3360,0,0.0,0,0,8.0,Quarter1,finishing,Sunday,0.448722222
11,0.5,14.89,917.0,9900,30,0.0,0,0,55.0,Quarter3,sweing,Thursday,0.500025069
12,0.8,4.6,0.0,1800,0,0.0,0,0,15.0,Quarter4,finishing,Wednesday,0.899555556
9,0.8,3.94,0.0,1440,0,0.0,0,0,8.0,Quarter2,finishing,Wednesday,0.858143939
6,0.8,2.9,0.0,900,0,0.0,0,0,5.0,Quarter3,finishing,Saturday,0.465757576
9,0.75,29.12,1082.0,6840,81,0.0,0,0,57.0,Quarter5,sweing,Saturday,0.850610526
8,0.8,29.4,30.0,6840,0,0.0,0,0,57.0,Quarter1,sweing,Wednesday,0.433263158
3,0.8,4.15,0.0,1800,0,0.0,0,0,10.0,Quarter2,finishing,Monday,0.905454545
6,0.8,30.4,338.0,3840,34,0.0,0,0,32.0,Quarter4,sweing,Tuesday,0.622828125
7,0.8,30.1,834.0,1200,0,4.0,40,0,59.0,Quarter1,sweing,Thursday,0.366053523
5,0.7,20.4,1382.0,10440,50,0.0,0,0,58.0,Quarter4,sweing,Saturday,0.700250784
11,0.8,3.94,0.0,2400,0,0.0,0,0,10.0,Quarter1,finishing,Monday,0.939513889
4,0.75,3.94,0.0,0,960,0.0,0,0,8.0,Quarter2,finishing,Monday,0.7953875
10,0.6,22.52,1076.0,10170,23,0.0,0,0,56.5,Quarter3,sweing,Thursday,0.600291767
1,0.8,22.52,1498.0,0,113,0.0,0,0,57.0,Quarter2,sweing,Wednesday,1.000065789
7,0.8,2.9,0.0,1440,0,0.0,0,0,8.0,Quarter2,finishing,Saturday,0.670075758
1,0.7,26.66,1562.0,6960,60,0.0,0,0,58.0,Quarter1,sweing,Tuesday,0.800566092
10,0.7,21.82,1251.0,6000,30,0.0,0,0,50.0,Quarter1,sweing,Saturday,0.700422
2,0.8,22.52,1186.0,6900,113,0.0,0,0,58.0,Quarter1,sweing,Saturday,1.000018551
11,0.65,20.1,1417.0,6480,49,0.0,0,0,54.0,Quarter5,sweing,Saturday,0.650148148
7,0.7,24.26,1639.0,6720,0,0.0,0,0,56.0,Quarter1,sweing,Tuesday,0.541517857
10,0.75,22.52,1413.0,10080,69,0.0,0,0,56.0,Quarter4,sweing,Sunday,0.800020563
1,0.8,26.16,1189.0,10620,75,0.0,0,0,59.0,Quarter2,sweing,Thursday,0.850502311
10,0.7,28.08,1202.0,6900,40,0.0,0,0,57.5,Quarter1,sweing,Sunday,0.699965217
8,0.65,3.9,0.0,960,0,0.0,0,0,8.0,Quarter2,finishing,Tuesday,0.560625
10,0.75,3.94,0.0,3420,0,0.0,0,0,19.0,Quarter4,finishing,Sunday,0.955151515
10,0.8,28.08,1082.0,10530,63,0.0,0,0,58.5,Quarter2,sweing,Saturday,0.8
5,0.65,4.15,0.0,1440,0,0.0,0,0,8.0,Quarter2,finishing,Tuesday,0.821354167
2,0.8,22.52,1452.0,6960,100,0.0,0,0,58.0,Quarter1,sweing,Tuesday,0.949981609
9,0.8,26.16,399.0,10620,63,0.0,0,0,59.0,Quarter3,sweing,Tuesday,0.800117103
8,0.8,4.6,0.0,2640,0,0.0,0,0,22.0,Quarter1,finishing,Thursday,0.980984848
4,0.75,4.3,0.0,2160,0,0.0,0,0,12.0,Quarter4,finishing,Sunday,0.952020202
1,0.8,3.94,0.0,1200,0,0.0,0,0,10.0,Quarter1,finishing,Wednesday,0.929183333
6,0.5,23.41,1379.0,2280,0,0.0,0,1,39.0,Quarter1,sweing,Saturday,0.500528095
11,0.75,42.97,1282.0,10260,56,0.0,0,0,57.0,Quarter4,sweing,Saturday,0.750041201
2,0.8,22.52,1397.0,6840,113,0.0,0,0,57.0,Quarter5,sweing,Saturday,1.000230409
12,0.8,15.26,1065.0,4080,63,0.0,0,0,34.0,Quarter4,sweing,Thursday,0.800401961
11,0.75,11.41,834.0,3480,0,0.0,0,2,58.0,Quarter4,sweing,Sunday,0.672140805
8,0.8,25.9,1039.0,6780,45,0.0,0,0,56.5,Quarter1,sweing,Sunday,0.850345133
3,0.8,4.6,0.0,1200,0,0.0,0,0,10.0,Quarter1,finishing,Wednesday,0.939166667
6,0.8,11.61,1009.0,5640,63,0.0,0,0,32.0,Quarter4,sweing,Saturday,0.800537143
3,0.75,29.4,1283.0,6960,45,0.0,0,2,58.0,Quarter4,sweing,Wednesday,0.750206897
2,0.75,3.94,0.0,960,0,0.0,0,0,8.0,Quarter1,finishing,Thursday,0.755166667
9,0.7,18.79,1641.0,6000,40,0.0,0,1,50.0,Quarter4,sweing,Monday,0.60128
3,0.5,5.13,0.0,2880,0,0.0,0,0,12.0,Quarter3,finishing,Thursday,0.81640625
6,0.8,11.61,1004.0,5670,50,0.0,0,0,31.5,Quarter2,sweing,Tuesday,0.800246753
4,0.65,23.69,861.0,7200,0,0.0,0,0,60.0,Quarter1,sweing,Thursday,0.52118
1,0.8,3.94,0.0,1440,0,0.0,0,0,12.0,Quarter2,finishing,Saturday,0.796208333
5,0.7,4.15,0.0,1440,0,0.0,0,0,8.0,Quarter1,finishing,Wednesday,0.330113636
9,0.75,18.79,895.0,6240,34,0.0,0,0,52.0,Quarter1,sweing,Sunday,0.750395513
12,0.75,15.26,1209.0,4200,45,0.0,0,0,35.0,Quarter5,sweing,Saturday,0.750646667
5,0.7,4.6,0.0,960,0,0.0,0,0,8.0,Quarter1,finishing,Wednesday,0.592083333
9,0.75,2.9,0.0,960,0,0.0,0,0,8.0,Quarter1,finishing,Sunday,0.447083333
4,0.8,22.52,1342.0,6780,50,0.0,0,0,56.5,Quarter4,sweing,Wednesday,0.800489676
10,0.7,3.94,0.0,1440,0,0.0,0,0,8.0,Quarter3,finishing,Monday,0.538399621
8,0.8,2.9,0.0,1440,0,0.0,0,0,8.0,Quarter1,finishing,Wednesday,0.681060606
11,0.75,10.05,677.0,3240,45,0.0,0,0,27.0,Quarter1,sweing,Saturday,0.750027778
4,0.8,3.94,0.0,6600,0,0.0,0,0,20.0,Quarter1,finishing,Sunday,0.861679012
4,0.35,4.3,0.0,2160,0,0.0,0,0,12.0,Quarter2,finishing,Tuesday,0.952020202
1,0.8,3.94,0.0,1440,0,0.0,0,0,8.0,Quarter2,finishing,Wednesday,0.891723485
6,0.75,18.79,640.0,2400,0,0.0,0,0,34.0,Quarter2,sweing,Tuesday,0.750797009
1,0.7,3.94,0.0,960,0,0.0,0,0,8.0,Quarter1,finishing,Thursday,0.812625
11,0.35,28.08,749.0,10260,23,0.0,0,0,57.0,Quarter4,sweing,Monday,0.350066986
4,0.75,3.94,0.0,960,0,0.0,0,0,8.0,Quarter2,finishing,Tuesday,0.881575
5,0.8,30.1,461.0,0,0,0.0,0,0,59.0,Quarter3,sweing,Monday,0.800980392
2,0.8,22.52,1557.0,0,90,0.0,0,0,57.5,Quarter2,sweing,Wednesday,1.000344928
2,0.7,3.9,0.0,960,0,0.0,0,0,8.0,Quarter4,finishing,Tuesday,0.325
10,0.75,28.08,1209.0,10530,45,0.0,0,0,58.5,Quarter1,sweing,Tuesday,0.750545455
10,0.75,21.82,1674.0,6000,34,0.0,0,0,50.0,Quarter2,sweing,Wednesday,0.750608
8,0.7,30.1,7.0,7080,27,2.0,10,2,59.0,Quarter3,sweing,Monday,0.621971751
9,0.8,26.16,1305.0,10620,75,0.0,0,0,59.0,Quarter1,sweing,Tuesday,0.850502311
9,0.75,29.12,1282.0,6960,45,0.0,0,0,58.0,Quarter1,sweing,Sunday,0.750593103
11,0.8,31.83,568.0,9900,40,0.0,0,0,55.0,Quarter1,sweing,Wednesday,0.412119835
9,0.8,26.16,1122.0,10620,75,0.0,0,0,59.0,Quarter2,sweing,Saturday,0.851174114
5,0.7,20.4,1352.0,10260,50,0.0,0,0,57.0,Quarter3,sweing,Tuesday,0.700063796
1,0.8,3.94,0.0,1440,0,0.0,0,0,2.0,Quarter2,finishing,Tuesday,0.951420455
1,0.7,3.94,0.0,15000,0,0.0,0,0,25.0,Quarter4,finishing,Thursday,0.649662222
1,0.65,3.94,0.0,3360,0,0.0,0,0,8.0,Quarter1,finishing,Monday,0.537919444
3,0.75,4.15,0.0,1800,0,0.0,0,0,10.0,Quarter1,finishing,Tuesday,0.899166667
11,0.6,12.52,831.0,9540,30,0.0,0,0,53.0,Quarter2,sweing,Sunday,0.600229846
6,0.7,2.9,0.0,960,0,0.0,0,0,8.0,Quarter1,finishing,Wednesday,0.531666667
8,0.65,15.09,976.0,240,23,0.0,0,0,52.0,Quarter4,sweing,Tuesday,0.650307143
12,0.8,4.08,0.0,1080,0,0.0,0,0,9.0,Quarter1,finishing,Thursday,0.906666667
3,0.7,22.52,1244.0,10260,63,0.0,0,0,57.0,Quarter4,sweing,Thursday,0.750068049
5,0.8,30.1,541.0,7140,38,0.0,0,0,59.0,Quarter4,sweing,Monday,0.800137255
12,0.8,15.26,983.0,4080,50,0.0,0,0,34.0,Quarter1,sweing,Tuesday,0.800401961
8,0.7,24.26,1363.0,6660,0,0.0,0,0,55.5,Quarter1,sweing,Tuesday,0.586465465
1,0.8,3.94,0.0,960,0,0.0,0,0,8.0,Quarter1,finishing,Sunday,0.915229167
2,0.7,3.94,0.0,15000,0,0.0,0,0,25.0,Quarter4,finishing,Thursday,0.649662222
5,0.5,4.15,0.0,1440,0,0.0,0,0,12.0,Quarter4,finishing,Tuesday,0.926388889
12,0.8,15.26,1194.0,1700,62,0.0,0,0,34.0,Quarter4,sweing,Saturday,0.800260821
8,0.8,25.9,1083.0,10170,38,0.0,0,0,56.5,Quarter1,sweing,Tuesday,0.800128721
3,0.8,29.4,1169.0,6840,63,0.0,0,0,57.0,Quarter1,sweing,Wednesday,0.800333333
7,0.7,24.26,2698.0,6720,0,0.0,0,0,56.0,Quarter1,sweing,Monday,0.295307738
12,0.7,15.26,1337.0,6120,40,0.0,0,0,34.0,Quarter4,sweing,Monday,0.70043672
9,0.75,29.12,8992.0,6960,55,0.0,0,0,58.0,Quarter1,sweing,Monday,0.799963218
4,0.75,26.82,1079.0,7020,65,0.0,0,0,58.0,Quarter2,sweing,Monday,0.850446154
3,0.75,4.15,0.0,1440,0,0.0,0,0,8.0,Quarter2,finishing,Sunday,0.93532197
8,0.7,4.15,0.0,960,0,0.0,0,0,8.0,Quarter2,finishing,Saturday,0.725625
2,0.8,5.13,0.0,1800,0,0.0,0,0,15.0,Quarter3,finishing,Tuesday,0.5814
6,0.75,20.2,402.0,3120,45,0.0,0,0,33.0,Quarter1,sweing,Tuesday,0.750212553
2,0.8,3.94,0.0,1800,0,0.0,0,0,15.0,Quarter4,finishing,Wednesday,0.902222222
3,0.8,19.87,857.0,9900,50,0.0,0,0,55.0,Quarter2,sweing,Thursday,0.800273829
9,0.8,4.15,0.0,960,0,0.0,0,0,8.0,Quarter1,finishing,Saturday,0.956270833
10,0.8,3.94,0.0,1440,0,0.0,0,0,8.0,Quarter2,finishing,Saturday,0.846950758
1,0.7,3.94,0.0,1440,0,0.0,0,0,8.0,Quarter4,finishing,Sunday,0.970075758
8,0.75,29.4,622.0,6240,56,0.0,0,0,57.0,Quarter1,sweing,Sunday,0.75075
4,0.8,3.94,0.0,12600,0,0.0,0,0,20.0,Quarter2,finishing,Thursday,0.919905405
12,0.8,4.6,0.0,0,1080,0.0,0,0,9.0,Quarter2,finishing,Monday,0.902962963
4,0.7,30.1,419.0,7080,0,0.0,0,1,59.0,Quarter2,sweing,Thursday,0.637711864
2,0.8,3.94,0.0,3000,0,0.0,0,0,25.0,Quarter1,finishing,Saturday,1.050666667
3,0.8,4.6,0.0,6300,0,0.0,0,0,15.0,Quarter4,finishing,Thursday,0.921703704
4,0.75,3.94,0.0,2160,0,0.0,0,0,18.0,Quarter1,finishing,Thursday,0.593055556
1,0.7,26.82,1267.0,8160,70,0.0,0,0,58.0,Quarter1,sweing,Saturday,0.850045
5,0.65,4.15,0.0,2700,0,0.0,0,0,15.0,Quarter3,finishing,Saturday,0.98719697
9,0.75,3.94,0.0,960,0,0.0,0,0,8.0,Quarter1,finishing,Monday,0.994270833
8,0.35,4.15,0.0,1440,0,0.0,0,0,12.0,Quarter2,finishing,Wednesday,0.994375
1,0.8,3.94,0.0,1200,0,0.0,0,0,10.0,Quarter2,finishing,Monday,0.962016667
5,0.6,27.48,549.0,6720,38,0.0,0,0,56.0,Quarter1,sweing,Sunday,0.707446429
9,0.8,2.9,0.0,1920,0,0.0,0,0,8.0,Quarter1,finishing,Monday,0.820833333
3,0.8,22.52,1287.0,6840,100,0.0,0,0,57.0,Quarter5,sweing,Thursday,0.950185965
11,0.75,10.05,668.0,2520,34,0.0,0,0,26.0,Quarter1,sweing,Thursday,0.7504
1,0.8,22.52,1420.0,6840,113,0.0,0,0,57.0,Quarter3,sweing,Sunday,1.000230409
8,0.8,26.16,1108.0,7080,98,0.0,0,0,59.0,Quarter1,sweing,Thursday,0.940725424
6,0.7,2.9,0.0,960,0,0.0,0,0,8.0,Quarter1,finishing,Thursday,0.9425
8,0.6,30.48,869.0,6720,0,0.0,0,1,56.0,Quarter2,sweing,Sunday,0.600528571
6,0.8,18.79,822.0,4080,0,0.0,0,0,34.0,Quarter2,sweing,Saturday,0.557252451
3,0.7,22.52,1095.0,10170,50,0.0,0,0,56.5,Quarter3,sweing,Monday,0.750062751
7,0.7,23.54,1109.0,6720,0,0.0,0,0,56.0,Quarter5,sweing,Saturday,0.388830357
3,0.8,4.6,0.0,6300,0,0.0,0,0,15.0,Quarter4,finishing,Saturday,0.921703704
10,0.35,22.4,715.0,10170,23,0.0,0,0,56.5,Quarter2,sweing,Tuesday,0.35020649
12,0.8,4.08,0.0,1080,0,0.0,0,0,9.0,Quarter1,finishing,Saturday,0.899111111
12,0.8,4.6,0.0,3780,0,0.0,0,0,9.0,Quarter1,finishing,Tuesday,0.636049383
3,0.8,4.6,0.0,10080,0,0.0,0,0,24.0,Quarter1,finishing,Monday,0.86037037
3,0.8,22.52,968.0,6840,113,0.0,0,0,57.0,Quarter1,sweing,Wednesday,1.000230409
6,0.75,18.79,1003.0,3960,45,0.0,0,1,33.0,Quarter4,sweing,Wednesday,0.75065101
12,0.8,15.26,1021.0,4080,63,0.0,0,0,34.0,Quarter1,sweing,Saturday,0.800401961
6,0.8,18.79,656.0,3480,38,0.0,0,0,34.0,Quarter2,sweing,Wednesday,0.800947475
12,0.8,11.61,1216.0,4950,50,0.0,0,0,31.5,Quarter3,sweing,Thursday,0.80003139
12,0.8,5.13,0.0,1200,0,0.0,0,0,10.0,Quarter3,finishing,Wednesday,0.9918
8,0.8,2.9,0.0,4800,0,0.0,0,0,8.0,Quarter4,finishing,Thursday,0.397743056
2,0.8,28.08,723.0,10530,50,0.0,0,0,58.5,Quarter2,sweing,Tuesday,0.8
2,0.8,28.08,776.0,10350,63,0.0,0,0,57.5,Quarter1,sweing,Wednesday,0.800594466
9,0.65,18.79,2120.0,5520,0,0.0,0,1,51.0,Quarter3,sweing,Tuesday,0.650134
11,0.8,4.15,0.0,2700,0,0.0,0,0,15.0,Quarter1,finishing,Tuesday,0.888686869
2,0.65,16.1,626.0,4200,0,0.0,0,1,45.0,Quarter1,sweing,Saturday,0.65024031
2,0.6,3.9,0.0,960,0,0.0,0,0,8.0,Quarter1,finishing,Thursday,0.950625
9,0.75,18.79,1020.0,5640,45,0.0,0,1,52.0,Quarter4,sweing,Thursday,0.750371895
3,0.75,3.94,0.0,1620,0,0.0,0,0,9.0,Quarter4,finishing,Sunday,0.961784512
7,0.65,3.94,0.0,2160,0,0.0,0,0,12.0,Quarter4,finishing,Saturday,0.870580808
2,0.7,3.9,0.0,1200,0,0.0,0,0,10.0,Quarter2,finishing,Sunday,0.884
2,0.8,3.94,0.0,1200,0,0.0,0,0,10.0,Quarter5,finishing,Thursday,0.773333333
8,0.6,3.9,0.0,960,0,0.0,0,0,8.0,Quarter2,finishing,Sunday,0.4509375
7,0.5,30.1,1025.0,6960,23,0.0,0,1,58.0,Quarter2,sweing,Tuesday,0.500801724
3,0.5,4.15,0.0,960,0,0.0,0,0,8.0,Quarter3,finishing,Monday,0.864583333
7,0.8,25.9,1031.0,10170,60,0.0,0,0,56.5,Quarter2,sweing,Monday,0.850136766
11,0.65,11.41,700.0,2640,23,0.0,0,2,53.0,Quarter3,sweing,Sunday,0.650223718
7,0.8,48.84,1040.0,10260,30,0.0,0,0,57.0,Quarter3,sweing,Monday,0.576460393
3,0.5,5.13,0.0,960,0,0.0,0,0,8.0,Quarter3,finishing,Wednesday,0.2565
8,0.8,25.9,1380.0,3630,50,0.0,0,0,56.5,Quarter3,sweing,Monday,0.800162602
2,0.8,3.94,0.0,1440,0,0.0,0,0,8.0,Quarter2,finishing,Tuesday,0.805909091
